bot_match_id,aoe2_match_id,date,nick,team,civ,result
1323080,447075719,2026-01-10 08:09,MuttonKuska,0,Berbers,W
1323080,447075719,2026-01-10 08:09,Shadeslayer,1,Tatars,L
1323080,447075719,2026-01-10 08:09,I'm Dead Guyzzz...,0,Lithuanians,W
1323080,447075719,2026-01-10 08:09,ddk,0,Franks,W
1323080,447075719,2026-01-10 08:09,thelivi,1,Wei,L
1323080,447075719,2026-01-10 08:09,Gajini,1,Turks,L
1323080,447075719,2026-01-10 08:09,tyPo,1,Bengalis,L
1323090,447084865,2026-01-10 08:57,Dark De Bruyne,0,Wu,W
1323090,447084865,2026-01-10 08:57,Shadeslayer,0,Khmer,W
1323090,447084865,2026-01-10 08:57,I'm Dead Guyzzz...,1,Aztecs,L
1323090,447084865,2026-01-10 08:57,ddk,0,Malians,W
1323090,447084865,2026-01-10 08:57,thelivi,1,Burgundians,L
1323090,447084865,2026-01-10 08:57,Gajini,1,Burmese,L
1323090,447084865,2026-01-10 08:57,tyPo,0,Poles,W
1323105,447089028,2026-01-10 09:36,MuttonKuska,0,Saracens,L
1323105,447089028,2026-01-10 09:36,ddk,1,Spanish,W
1323105,447089028,2026-01-10 09:36,Gajini,0,Huns,L
1323105,447089028,2026-01-10 09:36,wallandboom,0,Byzantines,L
1323105,447089028,2026-01-10 09:36,TiShi,1,Vikings,W
1323105,447089028,2026-01-10 09:36,tyPo,1,Portuguese,W
1323176,447184470,2026-01-10 17:36,MuttonKuska,1,Khmer,L
1323176,447184470,2026-01-10 17:36,I'm Dead Guyzzz...,1,Spanish,L
1323176,447184470,2026-01-10 17:36,thelivi,0,Persians,W
1323176,447184470,2026-01-10 17:36,Gajini,0,Byzantines,W
1323176,447184470,2026-01-10 17:36,stylishsteam,1,Teutons,L
1323176,447184470,2026-01-10 17:36,sundar7238,1,Franks,L
1323186,447197002,2026-01-10 18:20,I'm Dead Guyzzz...,1,Koreans,W
1323186,447197002,2026-01-10 18:20,guruGreatest,1,Georgians,W
1323186,447197002,2026-01-10 18:20,stylishsteam,0,Ethiopians,L
1323186,447197002,2026-01-10 18:20,sundar7238,1,Hindustanis,W
1323186,447197002,2026-01-10 18:20,TiShi,1,Aztecs,W
1323186,447197002,2026-01-10 18:20,tyPo,0,Celts,L
1323197,447209126,2026-01-10 19:00,Dark De Bruyne,0,Ethiopians,W
1323197,447209126,2026-01-10 19:00,I'm Dead Guyzzz...,0,Franks,W
1323197,447209126,2026-01-10 19:00,thelivi,1,Mongols,L
1323197,447209126,2026-01-10 19:00,Gajini,0,Magyars,W
1323197,447209126,2026-01-10 19:00,guruGreatest,1,Burgundians,L
1323197,447209126,2026-01-10 19:00,stylishsteam,1,Burmese,L
1323197,447209126,2026-01-10 19:00,sundar7238,1,Spanish,L
1323210,447220520,2026-01-10 19:35,thelivi,1,Romans,L
1323210,447220520,2026-01-10 19:35,guruGreatest,1,Britons,L
1323210,447220520,2026-01-10 19:35,stylishsteam,1,Vikings,L
1323210,447220520,2026-01-10 19:35,TiShi,0,Burgundians,W
1323210,447220520,2026-01-10 19:35,tyPo,0,Poles,W
1323210,447220520,2026-01-10 19:35,M1k3,0,Malians,W
1323234,447231203,2026-01-10 20:18,I'm Dead Guyzzz...,1,Poles,L
1323234,447231203,2026-01-10 20:18,ddk,1,Mongols,L
1323234,447231203,2026-01-10 20:18,thelivi,0,Berbers,W
1323234,447231203,2026-01-10 20:18,Gajini,1,Koreans,L
1323234,447231203,2026-01-10 20:18,wallandboom,0,Goths,W
1323234,447231203,2026-01-10 20:18,TiShi,1,Bulgarians,L
1323246,447243323,2026-01-10 21:02,Dark De Bruyne,1,Maya,W
1323246,447243323,2026-01-10 21:02,I'm Dead Guyzzz...,1,Persians,W
1323246,447243323,2026-01-10 21:02,ddk,0,Malians,L
1323246,447243323,2026-01-10 21:02,thelivi,0,Ethiopians,L
1323246,447243323,2026-01-10 21:02,Gajini,1,Khmer,W
1323246,447243323,2026-01-10 21:02,TiShi,0,Lithuanians,L
1323246,447243323,2026-01-10 21:02,tyPo,0,Tatars,L
1323246,447243323,2026-01-10 21:02,M1k3,1,Romans,W
1323278,447257287,2026-01-10 21:46,Dark De Bruyne,0,Tatars,L
1323278,447257287,2026-01-10 21:46,aquasama7056,1,Maya,W
1323278,447257287,2026-01-10 21:46,I'm Dead Guyzzz...,1,Malians,W
1323278,447257287,2026-01-10 21:46,ddk,0,Bulgarians,L
1323278,447257287,2026-01-10 21:46,thelivi,0,Lithuanians,L
1323278,447257287,2026-01-10 21:46,TiShi,0,Dravidians,L
1323278,447257287,2026-01-10 21:46,tyPo,1,Hindustanis,W
1323295,447271849,2026-01-10 22:33,Dark De Bruyne,1,Japanese,L
1323295,447271849,2026-01-10 22:33,newisyou,0,Jurchens,W
1323295,447271849,2026-01-10 22:33,aquasama7056,0,Spanish,W
1323295,447271849,2026-01-10 22:33,I'm Dead Guyzzz...,1,Tatars,L
1323295,447271849,2026-01-10 22:33,ddk,1,Franks,L
1323295,447271849,2026-01-10 22:33,TiShi,0,Shu,W
1323550,447417163,2026-01-11 08:56,MuttonKuska,1,Saracens,L
1323550,447417163,2026-01-11 08:56,Dark De Bruyne,1,Dravidians,L
1323550,447417163,2026-01-11 08:56,ddk,0,Shu,W
1323550,447417163,2026-01-11 08:56,Gajini,0,Teutons,W
1323550,447417163,2026-01-11 08:56,guruGreatest,1,Italians,L
1323550,447417163,2026-01-11 08:56,TiShi,1,Bohemians,L
1323550,447417163,2026-01-11 08:56,tyPo,0,Sicilians,W
1323568,447417163,2026-01-11 09:35,MuttonKuska,1,Saracens,L
1323568,447417163,2026-01-11 09:35,Dark De Bruyne,0,Dravidians,W
1323568,447417163,2026-01-11 09:35,I'm Dead Guyzzz...,0,Huns,W
1323568,447417163,2026-01-11 09:35,ddk,1,Shu,L
1323568,447417163,2026-01-11 09:35,Gajini,0,Teutons,W
1323568,447417163,2026-01-11 09:35,guruGreatest,1,Italians,L
1323568,447417163,2026-01-11 09:35,TiShi,1,Bohemians,L
1323568,447417163,2026-01-11 09:35,tyPo,0,Sicilians,W
1323573,447424279,2026-01-11 10:26,I'm Dead Guyzzz...,0,Franks,L
1323573,447424279,2026-01-11 10:26,ddk,1,Magyars,W
1323573,447424279,2026-01-11 10:26,Gajini,0,Bulgarians,L
1323573,447424279,2026-01-11 10:26,guruGreatest,0,Saracens,L
1323573,447424279,2026-01-11 10:26,tyPo,1,Bengalis,W
1323585,447430372,2026-01-11 11:06,Dark De Bruyne,1,Vietnamese,L
1323585,447430372,2026-01-11 11:06,ddk,0,Burgundians,W
1323585,447430372,2026-01-11 11:06,Gajini,1,Huns,L
1323585,447430372,2026-01-11 11:06,stylishsteam,0,Hindustanis,W
1323585,447430372,2026-01-11 11:06,tyPo,0,Franks,W
1323585,447430372,2026-01-11 11:06,M1k3,1,Dravidians,L
1323621,447462075,2026-01-11 14:14,MuttonKuska,0,Turks,L
1323621,447462075,2026-01-11 14:14,Gajini,0,Sicilians,L
1323621,447462075,2026-01-11 14:14,guruGreatest,1,Koreans,W
1323621,447462075,2026-01-11 14:14,stylishsteam,0,Vietnamese,L
1323621,447462075,2026-01-11 14:14,sundar7238,1,Chinese,W
1323621,447462075,2026-01-11 14:14,TiShi,1,Bengalis,W
1323629,447471776,2026-01-11 14:57,MuttonKuska,0,Khitans,W
1323629,447471776,2026-01-11 14:57,Gajini,0,Malay,W
1323629,447471776,2026-01-11 14:57,stylishsteam,1,Magyars,L
1323629,447471776,2026-01-11 14:57,sundar7238,1,Ethiopians,L
1323629,447471776,2026-01-11 14:57,TiShi,1,Berbers,L
1323629,447471776,2026-01-11 14:57,tyPo,0,Britons,W
1323634,447483830,2026-01-11 15:25,MuttonKuska,1,Bohemians,W
1323634,447483830,2026-01-11 15:25,drgameher,0,Khmer,L
1323634,447483830,2026-01-11 15:25,Shadeslayer,0,Bulgarians,L
1323634,447483830,2026-01-11 15:25,thelivi,1,Britons,W
1323634,447483830,2026-01-11 15:25,Gajini,1,Bengalis,W
1323634,447483830,2026-01-11 15:25,guruGreatest,0,Hindustanis,L
1323634,447483830,2026-01-11 15:25,TiShi,0,Cumans,L
1323634,447483830,2026-01-11 15:25,tyPo,1,Gurjaras,W
1323668,447512354,2026-01-11 17:18,ImVaibhav,0,Bulgarians,L
1323668,447512354,2026-01-11 17:18,thelivi,0,Lithuanians,L
1323668,447512354,2026-01-11 17:18,sundar7238,1,Vietnamese,W
1323668,447512354,2026-01-11 17:18,TiShi,0,Byzantines,L
1323668,447512354,2026-01-11 17:18,tyPo,0,Cumans,L
1323677,447522941,2026-01-11 18:03,newisyou,1,Vietnamese,L
1323677,447522941,2026-01-11 18:03,I'm Dead Guyzzz...,1,Poles,L
1323677,447522941,2026-01-11 18:03,thelivi,0,Portuguese,W
1323677,447522941,2026-01-11 18:03,guruGreatest,0,Malians,W
1323677,447522941,2026-01-11 18:03,TiShi,0,Franks,W
1323677,447522941,2026-01-11 18:03,tyPo,0,Mongols,W
1323693,447534885,2026-01-11 18:41,drgameher,1,Dravidians,W
1323693,447534885,2026-01-11 18:41,newisyou,0,Cumans,L
1323693,447534885,2026-01-11 18:41,I'm Dead Guyzzz...,0,Hindustanis,L
1323693,447534885,2026-01-11 18:41,tyPo Fan,1,Malay,W
1323693,447534885,2026-01-11 18:41,thelivi,1,Persians,W
1323693,447534885,2026-01-11 18:41,sundar7238,1,Lithuanians,W
1323716,447545972,2026-01-11 19:06,Dark De Bruyne,1,Magyars,L
1323716,447545972,2026-01-11 19:06,Shadeslayer,0,Franks,W
1323716,447545972,2026-01-11 19:06,I'm Dead Guyzzz...,1,Lithuanians,L
1323716,447545972,2026-01-11 19:06,guruGreatest,1,Malay,L
1323716,447545972,2026-01-11 19:06,TiShi,0,Italians,W
1323716,447545972,2026-01-11 19:06,tyPo,0,Inca,W
1323726,447553827,2026-01-11 19:47,Dark De Bruyne,1,Maya,L
1323726,447553827,2026-01-11 19:47,newisyou,0,Vikings,W
1323726,447553827,2026-01-11 19:47,I'm Dead Guyzzz...,1,Slavs,L
1323726,447553827,2026-01-11 19:47,thelivi,0,Bohemians,W
1323726,447553827,2026-01-11 19:47,guruGreatest,0,Hindustanis,W
1323726,447553827,2026-01-11 19:47,sundar7238,0,Celts,W
1323743,447565837,2026-01-11 20:36,drgameher,0,Franks,W
1323743,447565837,2026-01-11 20:36,newisyou,0,Spanish,W
1323743,447565837,2026-01-11 20:36,I'm Dead Guyzzz...,0,Khmer,W
1323743,447565837,2026-01-11 20:36,guruGreatest,1,Portuguese,L
1323743,447565837,2026-01-11 20:36,TiShi,1,Goths,L
1323743,447565837,2026-01-11 20:36,tyPo,1,Sicilians,L
1323765,447581488,2026-01-11 21:15,drgameher,0,Inca,W
1323765,447581488,2026-01-11 21:15,newisyou,1,Portuguese,L
1323765,447581488,2026-01-11 21:15,I'm Dead Guyzzz...,0,Vietnamese,W
1323765,447581488,2026-01-11 21:15,TiShi,0,Byzantines,W
1323765,447581488,2026-01-11 21:15,tyPo,1,Celts,L
1326338,448741562,2026-01-16 18:18,MuttonKuska,1,Shu,L
1326338,448741562,2026-01-16 18:18,I'm Dead Guyzzz...,1,Gurjaras,L
1326338,448741562,2026-01-16 18:18,thelivi,1,Vikings,L
1326338,448741562,2026-01-16 18:18,Gajini,0,Magyars,W
1326338,448741562,2026-01-16 18:18,guruGreatest,0,Poles,W
1326338,448741562,2026-01-16 18:18,stylishsteam,1,Mongols,L
1326338,448741562,2026-01-16 18:18,M1k3,0,Bohemians,W
1326372,448754366,2026-01-16 19:08,I'm Dead Guyzzz...,0,Britons,L
1326372,448754366,2026-01-16 19:08,thelivi,0,Hindustanis,L
1326372,448754366,2026-01-16 19:08,Gajini,1,Teutons,W
1326372,448754366,2026-01-16 19:08,guruGreatest,1,Sicilians,W
1326372,448754366,2026-01-16 19:08,stylishsteam,0,Romans,L
1326372,448754366,2026-01-16 19:08,sundar7238,0,Cumans,L
1326372,448754366,2026-01-16 19:08,M1k3,1,Franks,W
1326868,448931984,2026-01-17 09:12,MuttonKuska,0,Wei,L
1326868,448931984,2026-01-17 09:12,centurion12,1,Goths,W
1326868,448931984,2026-01-17 09:12,Dark De Bruyne,1,Bulgarians,W
1326868,448931984,2026-01-17 09:12,thelivi,0,Huns,L
1326868,448931984,2026-01-17 09:12,guruGreatest,0,Dravidians,L
1326868,448931984,2026-01-17 09:12,sundar7238,1,Britons,W
1326868,448931984,2026-01-17 09:12,TiShi,0,Jurchens,L
1326879,448937614,2026-01-17 09:45,trush25,1,Shu,W
1326879,448937614,2026-01-17 09:45,Shadeslayer,0,Britons,L
1326879,448937614,2026-01-17 09:45,I'm Dead Guyzzz...,0,Portuguese,L
1326879,448937614,2026-01-17 09:45,thelivi,1,Wu,W
1326879,448937614,2026-01-17 09:45,Gajini,0,Bohemians,L
1326879,448937614,2026-01-17 09:45,guruGreatest,0,Magyars,L
1326879,448937614,2026-01-17 09:45,sundar7238,1,Khmer,W
1326879,448937614,2026-01-17 09:45,TiShi,1,Burmese,W
1327678,449229546,2026-01-18 09:26,MuttonKuska,1,Spanish,L
1327678,449229546,2026-01-18 09:26,ddk,1,Malians,L
1327678,449229546,2026-01-18 09:26,Gajini,1,Khmer,L
1327678,449229546,2026-01-18 09:26,sundar7238,0,Poles,W
1327678,449229546,2026-01-18 09:26,TiShi,0,Georgians,W
1327678,449229546,2026-01-18 09:26,tyPo,0,Japanese,W
1327719,449246020,2026-01-18 10:33,ddk,0,Vikings,W
1327719,449246020,2026-01-18 10:33,tyPo Fan,0,Gurjaras,W
1327719,449246020,2026-01-18 10:33,Gajini,1,Slavs,L
1327719,449246020,2026-01-18 10:33,guruGreatest,0,Byzantines,W
1327719,449246020,2026-01-18 10:33,stylishsteam,1,Shu,L
1327719,449246020,2026-01-18 10:33,sundar7238,0,Chinese,W
1327719,449246020,2026-01-18 10:33,M1k3,1,Wei,L
1327728,449252571,2026-01-18 11:17,MuttonKuska,0,Persians,W
1327728,449252571,2026-01-18 11:17,ddk,1,Sicilians,L
1327728,449252571,2026-01-18 11:17,tyPo Fan,0,Ethiopians,W
1327728,449252571,2026-01-18 11:17,Gajini,1,Teutons,L
1327728,449252571,2026-01-18 11:17,stylishsteam,1,Byzantines,L
1327728,449252571,2026-01-18 11:17,sundar7238,0,Portuguese,W
1327728,449252571,2026-01-18 11:17,tyPo,0,Malay,W
1327732,449260271,2026-01-18 12:02,MuttonKuska,0,Celts,L
1327732,449260271,2026-01-18 12:02,Shadeslayer,0,Wu,L
1327732,449260271,2026-01-18 12:02,ddk,1,Bengalis,W
1327732,449260271,2026-01-18 12:02,Gajini,1,Spanish,W
1327732,449260271,2026-01-18 12:02,guruGreatest,1,Lithuanians,W
1327732,449260271,2026-01-18 12:02,stylishsteam,0,Wei,L
1327732,449260271,2026-01-18 12:02,sundar7238,0,Hindustanis,L
1327732,449260271,2026-01-18 12:02,M1k3,1,Romans,W
1327859,449331132,2026-01-18 17:38,MuttonKuska,0,Slavs,W
1327859,449331132,2026-01-18 17:38,drgameher,0,Huns,W
1327859,449331132,2026-01-18 17:38,Shadeslayer,1,Bengalis,L
1327859,449331132,2026-01-18 17:38,thelivi,0,Lithuanians,W
1327859,449331132,2026-01-18 17:38,Gajini,1,Britons,L
1327859,449331132,2026-01-18 17:38,guruGreatest,1,Romans,L
1327859,449331132,2026-01-18 17:38,TiShi,1,Goths,L
1327877,449363645,2026-01-18 18:44,Shadeslayer,0,Chinese,W
1327877,449363645,2026-01-18 18:44,tyPo Fan,1,Dravidians,L
1327877,449363645,2026-01-18 18:44,thelivi,0,Turks,W
1327877,449363645,2026-01-18 18:44,TiShi,0,Huns,W
1327877,449363645,2026-01-18 18:44,tyPo,1,Slavs,L
1327914,449363645,2026-01-18 19:17,drgameher,1,Poles,L
1327914,449363645,2026-01-18 19:17,Shadeslayer,1,Chinese,L
1327914,449363645,2026-01-18 19:17,tyPo Fan,1,Dravidians,L
1327914,449363645,2026-01-18 19:17,thelivi,0,Turks,W
1327914,449363645,2026-01-18 19:17,Gajini,1,Bengalis,L
1327914,449363645,2026-01-18 19:17,guruGreatest,0,Khmer,W
1327914,449363645,2026-01-18 19:17,TiShi,0,Huns,W
1327914,449363645,2026-01-18 19:17,tyPo,0,Slavs,W
1327933,449371063,2026-01-18 19:55,drgameher,1,Burmese,L
1327933,449371063,2026-01-18 19:55,Shadeslayer,1,Spanish,L
1327933,449371063,2026-01-18 19:55,tyPo Fan,0,Koreans,W
1327933,449371063,2026-01-18 19:55,thelivi,1,Goths,L
1327933,449371063,2026-01-18 19:55,guruGreatest,0,Slavs,W
1327933,449371063,2026-01-18 19:55,TiShi,1,Vikings,L
1327933,449371063,2026-01-18 19:55,tyPo,0,Bengalis,W
1327957,449383307,2026-01-18 21:11,Shadeslayer,1,Mongols,L
1327957,449383307,2026-01-18 21:11,ddk,0,Tatars,W
1327957,449383307,2026-01-18 21:11,tyPo Fan,0,Teutons,W
1327957,449383307,2026-01-18 21:11,thelivi,1,Cumans,L
1327957,449383307,2026-01-18 21:11,guruGreatest,1,Dravidians,L
1327957,449383307,2026-01-18 21:11,TiShi,1,Franks,L
1327957,449383307,2026-01-18 21:11,tyPo,0,Byzantines,W
1330772,450531019,2026-01-23 17:54,newisyou,0,Jurchens,L
1330772,450531019,2026-01-23 17:54,Shadeslayer,0,Maya,L
1330772,450531019,2026-01-23 17:54,I'm Dead Guyzzz...,0,Spanish,L
1330772,450531019,2026-01-23 17:54,thelivi,1,Teutons,W
1330772,450531019,2026-01-23 17:54,Gajini,0,Persians,L
1330772,450531019,2026-01-23 17:54,TiShi,1,Malians,W
1330772,450531019,2026-01-23 17:54,tyPo,1,Britons,W
1330783,450541266,2026-01-23 18:41,centurion12,0,Vietnamese,L
1330783,450541266,2026-01-23 18:41,newisyou,0,Armenians,L
1330783,450541266,2026-01-23 18:41,thelivi,1,Georgians,W
1330783,450541266,2026-01-23 18:41,Gajini,1,Huns,W
1330783,450541266,2026-01-23 18:41,guruGreatest,1,Malians,W
1330783,450541266,2026-01-23 18:41,stylishsteam,1,Ethiopians,W
1330783,450541266,2026-01-23 18:41,TiShi,0,Slavs,L
1330803,450551826,2026-01-23 19:18,ImVaibhav,0,Tatars,L
1330803,450551826,2026-01-23 19:18,newisyou,0,Huns,L
1330803,450551826,2026-01-23 19:18,thelivi,1,Bengalis,W
1330803,450551826,2026-01-23 19:18,Gajini,1,Spanish,W
1330803,450551826,2026-01-23 19:18,stylishsteam,1,Persians,W
1330803,450551826,2026-01-23 19:18,TiShi,1,Britons,W
1330803,450551826,2026-01-23 19:18,tyPo,0,Ethiopians,L
1330826,450564093,2026-01-23 20:27,I'm Dead Guyzzz...,0,Cumans,L
1330826,450564093,2026-01-23 20:27,tyPo Fan,0,Maya,L
1330826,450564093,2026-01-23 20:27,Gajini,1,Burgundians,W
1330826,450564093,2026-01-23 20:27,sundar7238,1,Mongols,W
1330826,450564093,2026-01-23 20:27,TiShi,1,Vikings,W
1330826,450564093,2026-01-23 20:27,M1k3,1,Sicilians,W
1331349,450722011,2026-01-24 08:31,centurion12,0,Mongols,W
1331349,450722011,2026-01-24 08:31,Shadeslayer,1,Bulgarians,L
1331349,450722011,2026-01-24 08:31,I'm Dead Guyzzz...,1,Malay,L
1331349,450722011,2026-01-24 08:31,ddk,0,Huns,W
1331349,450722011,2026-01-24 08:31,Gajini,1,Vikings,L
1331349,450722011,2026-01-24 08:31,sundar7238,0,Celts,W
1331349,450722011,2026-01-24 08:31,TiShi,0,Sicilians,W
1331349,450722011,2026-01-24 08:31,tyPo,1,Bohemians,L
1331360,450729360,2026-01-24 09:29,Shadeslayer,0,Spanish,L
1331360,450729360,2026-01-24 09:29,I'm Dead Guyzzz...,1,Persians,W
1331360,450729360,2026-01-24 09:29,ddk,1,Byzantines,W
1331360,450729360,2026-01-24 09:29,Gajini,0,Malay,L
1331360,450729360,2026-01-24 09:29,TiShi,1,Celts,W
1331360,450729360,2026-01-24 09:29,tyPo,0,Dravidians,L
1331392,450761106,2026-01-24 13:16,centurion12,1,Persians,W
1331392,450761106,2026-01-24 13:16,Shadeslayer,0,Shu,L
1331392,450761106,2026-01-24 13:16,Gajini,0,Hindustanis,L
1331392,450761106,2026-01-24 13:16,sundar7238,1,Cumans,W
1331392,450761106,2026-01-24 13:16,tyPo,0,Inca,L
1331450,450793812,2026-01-24 15:50,ninjavarier,0,Portuguese,L
1331450,450793812,2026-01-24 15:50,MuttonKuska,1,Aztecs,W
1331450,450793812,2026-01-24 15:50,ImVaibhav,1,Lithuanians,W
1331450,450793812,2026-01-24 15:50,tyPo Fan,0,Burgundians,L
1331450,450793812,2026-01-24 15:50,thelivi,1,Slavs,W
1331450,450793812,2026-01-24 15:50,Gajini,1,Japanese,W
1331450,450793812,2026-01-24 15:50,sundar7238,0,Bohemians,L
1331450,450793812,2026-01-24 15:50,tyPo,0,Turks,L
1331493,450804469,2026-01-24 16:41,Dark De Bruyne,1,Lithuanians,W
1331493,450804469,2026-01-24 16:41,Shadeslayer,0,Malay,L
1331493,450804469,2026-01-24 16:41,tyPo Fan,0,Ethiopians,L
1331493,450804469,2026-01-24 16:41,thelivi,1,Teutons,W
1331493,450804469,2026-01-24 16:41,Gajini,0,Burmese,L
1331493,450804469,2026-01-24 16:41,stylishsteam,1,Byzantines,W
1331493,450804469,2026-01-24 16:41,sundar7238,1,Britons,W
1331567,450828498,2026-01-24 18:01,MuttonKuska,1,Portuguese,L
1331567,450828498,2026-01-24 18:01,Shadeslayer,1,Byzantines,L
1331567,450828498,2026-01-24 18:01,ddk,1,Magyars,L
1331567,450828498,2026-01-24 18:01,thelivi,0,Bohemians,W
1331567,450828498,2026-01-24 18:01,guruGreatest,0,Koreans,W
1331567,450828498,2026-01-24 18:01,stylishsteam,1,Wei,L
1331567,450828498,2026-01-24 18:01,TiShi,0,Inca,W
1331567,450828498,2026-01-24 18:01,tyPo,0,Bulgarians,W
1331595,450838395,2026-01-24 18:34,centurion12,1,Vietnamese,L
1331595,450838395,2026-01-24 18:34,Dark De Bruyne,0,Byzantines,W
1331595,450838395,2026-01-24 18:34,ddk,0,Teutons,W
1331595,450838395,2026-01-24 18:34,tyPo Fan,0,Chinese,W
1331595,450838395,2026-01-24 18:34,thelivi,1,Huns,L
1331595,450838395,2026-01-24 18:34,Gajini,0,Tatars,W
1331595,450838395,2026-01-24 18:34,stylishsteam,1,Maya,L
1331595,450838395,2026-01-24 18:34,sundar7238,1,Persians,L
1331613,450846753,2026-01-24 19:18,ddk,1,Celts,L
1331613,450846753,2026-01-24 19:18,tyPo Fan,1,Cumans,L
1331613,450846753,2026-01-24 19:18,thelivi,0,Chinese,W
1331613,450846753,2026-01-24 19:18,guruGreatest,0,Maya,W
1331613,450846753,2026-01-24 19:18,stylishsteam,1,Sicilians,L
1331613,450846753,2026-01-24 19:18,sundar7238,1,Goths,L
1331613,450846753,2026-01-24 19:18,TiShi,0,Huns,W
1331613,450846753,2026-01-24 19:18,tyPo,0,Poles,W
1331638,450857521,2026-01-24 20:09,centurion12,1,Franks,L
1331638,450857521,2026-01-24 20:09,Shadeslayer,0,Italians,W
1331638,450857521,2026-01-24 20:09,I'm Dead Guyzzz...,1,Teutons,L
1331638,450857521,2026-01-24 20:09,ddk,0,Wei,W
1331638,450857521,2026-01-24 20:09,tyPo Fan,1,Saracens,L
1331638,450857521,2026-01-24 20:09,Gajini,0,Maya,W
1331638,450857521,2026-01-24 20:09,sundar7238,0,Spanish,W
1331689,450872014,2026-01-24 20:53,Dark De Bruyne,1,Georgians,L
1331689,450872014,2026-01-24 20:53,Shadeslayer,1,Ethiopians,L
1331689,450872014,2026-01-24 20:53,I'm Dead Guyzzz...,1,Portuguese,L
1331689,450872014,2026-01-24 20:53,thelivi,0,Maya,W
1331689,450872014,2026-01-24 20:53,Gajini,0,Bulgarians,W
1331689,450872014,2026-01-24 20:53,guruGreatest,0,Burmese,W
1331689,450872014,2026-01-24 20:53,TiShi,1,Slavs,L
1331689,450872014,2026-01-24 20:53,M1k3,0,Teutons,W
1331720,450884333,2026-01-24 21:30,Dark De Bruyne,1,Koreans,L
1331720,450884333,2026-01-24 21:30,Shadeslayer,0,Persians,W
1331720,450884333,2026-01-24 21:30,I'm Dead Guyzzz...,0,Inca,W
1331720,450884333,2026-01-24 21:30,tyPo Fan,0,Bohemians,W
1331720,450884333,2026-01-24 21:30,thelivi,1,Magyars,L
1331720,450884333,2026-01-24 21:30,guruGreatest,1,Huns,L
1331720,450884333,2026-01-24 21:30,M1k3,1,Aztecs,L
1332169,451034828,2026-01-25 09:24,ninjavarier,1,Turks,L
1332169,451034828,2026-01-25 09:24,MuttonKuska,0,Bulgarians,W
1332169,451034828,2026-01-25 09:24,ImVaibhav,0,Inca,W
1332169,451034828,2026-01-25 09:24,thelivi,1,Khmer,L
1332169,451034828,2026-01-25 09:24,Gajini,1,Mongols,L
1332169,451034828,2026-01-25 09:24,guruGreatest,1,Berbers,L
1332169,451034828,2026-01-25 09:24,tyPo,0,Persians,W
1332169,451034828,2026-01-25 09:24,M1k3,0,Vietnamese,W
1332203,451054570,2026-01-25 11:39,centurion12,0,Poles,W
1332203,451054570,2026-01-25 11:39,Dark De Bruyne,1,Malians,L
1332203,451054570,2026-01-25 11:39,feedertony,0,Inca,W
1332203,451054570,2026-01-25 11:39,tyPo Fan,0,Turks,W
1332203,451054570,2026-01-25 11:39,guruGreatest,0,Khmer,W
1332203,451054570,2026-01-25 11:39,sundar7238,1,Celts,L
1332203,451054570,2026-01-25 11:39,tyPo,1,Byzantines,L
1332208,451064390,2026-01-25 12:47,ninjavarier,1,Vikings,W
1332208,451064390,2026-01-25 12:47,centurion12,0,Tatars,L
1332208,451064390,2026-01-25 12:47,Dark De Bruyne,1,Teutons,W
1332208,451064390,2026-01-25 12:47,trush25,0,Portuguese,L
1332208,451064390,2026-01-25 12:47,feedertony,1,Malay,W
1332208,451064390,2026-01-25 12:47,tyPo Fan,1,Sicilians,W
1332208,451064390,2026-01-25 12:47,guruGreatest,0,Bengalis,L
1332208,451064390,2026-01-25 12:47,sundar7238,0,Japanese,L
1332220,451076748,2026-01-25 13:35,ninjavarier,0,Italians,L
1332220,451076748,2026-01-25 13:35,centurion12,1,Poles,W
1332220,451076748,2026-01-25 13:35,feedertony,1,Byzantines,W
1332220,451076748,2026-01-25 13:35,I'm Dead Guyzzz...,0,Portuguese,L
1332220,451076748,2026-01-25 13:35,Gajini,0,Magyars,L
1332220,451076748,2026-01-25 13:35,sundar7238,1,Slavs,W
1332220,451076748,2026-01-25 13:35,tyPo,1,Japanese,W
1332220,451076748,2026-01-25 13:35,M1k3,0,Malay,L
1332258,451101218,2026-01-25 15:38,MuttonKuska,0,Inca,L
1332258,451101218,2026-01-25 15:38,centurion12,1,Bulgarians,W
1332258,451101218,2026-01-25 15:38,I'm Dead Guyzzz...,1,Italians,W
1332258,451101218,2026-01-25 15:38,ddk,1,Slavs,W
1332258,451101218,2026-01-25 15:38,tyPo Fan,0,Persians,L
1332258,451101218,2026-01-25 15:38,Gajini,1,Burmese,W
1332258,451101218,2026-01-25 15:38,guruGreatest,0,Bohemians,L
1332258,451101218,2026-01-25 15:38,tyPo,0,Vietnamese,L
1332278,451114058,2026-01-25 16:15,Shadeslayer,1,Sicilians,L
1332278,451114058,2026-01-25 16:15,I'm Dead Guyzzz...,0,Lithuanians,W
1332278,451114058,2026-01-25 16:15,ddk,1,Khmer,L
1332278,451114058,2026-01-25 16:15,tyPo Fan,0,Burmese,W
1332278,451114058,2026-01-25 16:15,thelivi,0,Jurchens,W
1332278,451114058,2026-01-25 16:15,Gajini,1,Dravidians,L
1332278,451114058,2026-01-25 16:15,M1k3,1,Byzantines,L
1332304,451123919,2026-01-25 16:57,Shadeslayer,0,Portuguese,W
1332304,451123919,2026-01-25 16:57,I'm Dead Guyzzz...,0,Franks,W
1332304,451123919,2026-01-25 16:57,ddk,1,Cumans,L
1332304,451123919,2026-01-25 16:57,thelivi,1,Spanish,L
1332304,451123919,2026-01-25 16:57,Gajini,1,Berbers,L
1332304,451123919,2026-01-25 16:57,guruGreatest,0,Vietnamese,W
1332304,451123919,2026-01-25 16:57,sundar7238,0,Poles,W
1332304,451123919,2026-01-25 16:57,tyPo,1,Hindustanis,L
1332318,451135500,2026-01-25 17:30,centurion12,0,Bengalis,L
1332318,451135500,2026-01-25 17:30,ddk,1,Portuguese,W
1332318,451135500,2026-01-25 17:30,guruGreatest,1,Vikings,W
1332318,451135500,2026-01-25 17:30,stylishsteam,1,Japanese,W
1332318,451135500,2026-01-25 17:30,sundar7238,0,Hindustanis,L
1332318,451135500,2026-01-25 17:30,TiShi,0,Bohemians,L
1332318,451135500,2026-01-25 17:30,tyPo,0,Sicilians,L
1332330,451146984,2026-01-25 18:18,Shadeslayer,1,Khitans,W
1332330,451146984,2026-01-25 18:18,ddk,1,Aztecs,W
1332330,451146984,2026-01-25 18:18,tyPo Fan,0,Portuguese,L
1332330,451146984,2026-01-25 18:18,thelivi,0,Bohemians,L
1332330,451146984,2026-01-25 18:18,guruGreatest,0,Burgundians,L
1332330,451146984,2026-01-25 18:18,stylishsteam,0,Italians,L
1332330,451146984,2026-01-25 18:18,sundar7238,1,Sicilians,W
1332330,451146984,2026-01-25 18:18,TiShi,1,Mongols,W
1332357,451156500,2026-01-25 18:56,centurion12,1,Armenians,W
1332357,451156500,2026-01-25 18:56,ddk,0,Italians,L
1332357,451156500,2026-01-25 18:56,thelivi,1,Poles,W
1332357,451156500,2026-01-25 18:56,guruGreatest,1,Japanese,W
1332357,451156500,2026-01-25 18:56,tyPo,1,Burmese,W
1332357,451156500,2026-01-25 18:56,M1k3,0,Slavs,L
1332374,451167446,2026-01-25 19:36,Dark De Bruyne,0,Jurchens,L
1332374,451167446,2026-01-25 19:36,ddk,1,Bulgarians,W
1332374,451167446,2026-01-25 19:36,tyPo Fan,1,Inca,W
1332374,451167446,2026-01-25 19:36,thelivi,0,Persians,L
1332374,451167446,2026-01-25 19:36,guruGreatest,1,Gurjaras,W
1332374,451167446,2026-01-25 19:36,stylishsteam,0,Georgians,L
1332374,451167446,2026-01-25 19:36,TiShi,0,Franks,L
1332424,451178000,2026-01-25 20:30,Dark De Bruyne,1,Koreans,W
1332424,451178000,2026-01-25 20:30,trush25,0,Poles,L
1332424,451178000,2026-01-25 20:30,I'm Dead Guyzzz...,1,Chinese,W
1332424,451178000,2026-01-25 20:30,ddk,0,Wei,L
1332424,451178000,2026-01-25 20:30,guruGreatest,1,Tatars,W
1332424,451178000,2026-01-25 20:30,TiShi,1,Magyars,W
1332424,451178000,2026-01-25 20:30,tyPo,0,Japanese,L
1332461,451196007,2026-01-25 21:02,Dark De Bruyne,1,Magyars,W
1332461,451196007,2026-01-25 21:02,newisyou,0,Britons,L
1332461,451196007,2026-01-25 21:02,Shadeslayer,0,Lithuanians,L
1332461,451196007,2026-01-25 21:02,I'm Dead Guyzzz...,0,Portuguese,L
1332461,451196007,2026-01-25 21:02,ddk,1,Wu,W
1332461,451196007,2026-01-25 21:02,sundar7238,1,Celts,W
1332461,451196007,2026-01-25 21:02,TiShi,1,Teutons,W
1332461,451196007,2026-01-25 21:02,tyPo,0,Bohemians,L
1332835,451334275,2026-01-26 08:21,MuttonKuska,1,Bohemians,W
1332835,451334275,2026-01-26 08:21,centurion12,0,Chinese,L
1332835,451334275,2026-01-26 08:21,Dark De Bruyne,0,Burgundians,L
1332835,451334275,2026-01-26 08:21,Shadeslayer,1,Burmese,W
1332835,451334275,2026-01-26 08:21,Gajini,0,Aztecs,L
1332835,451334275,2026-01-26 08:21,tyPo,1,Ethiopians,W
1332853,451337343,2026-01-26 09:14,centurion12,1,Khmer,W
1332853,451337343,2026-01-26 09:14,Dark De Bruyne,0,Wu,L
1332853,451337343,2026-01-26 09:14,I'm Dead Guyzzz...,0,Poles,L
1332853,451337343,2026-01-26 09:14,Gajini,0,Mongols,L
1332853,451337343,2026-01-26 09:14,tyPo,1,Sicilians,W
1332869,451354551,2026-01-26 11:33,centurion12,1,Franks,L
1332869,451354551,2026-01-26 11:33,Shadeslayer,1,Khitans,L
1332869,451354551,2026-01-26 11:33,thelivi,0,Khmer,W
1332869,451354551,2026-01-26 11:33,Gajini,1,Italians,L
1332869,451354551,2026-01-26 11:33,stylishsteam,0,Portuguese,W
1332869,451354551,2026-01-26 11:33,sundar7238,0,Ethiopians,W
1332869,451354551,2026-01-26 11:33,tyPo,0,Byzantines,W
1332871,451354551,2026-01-26 12:15,centurion12,0,Franks,L
1332871,451354551,2026-01-26 12:15,Shadeslayer,0,Khitans,L
1332871,451354551,2026-01-26 12:15,thelivi,1,Khmer,W
1332871,451354551,2026-01-26 12:15,Gajini,1,Italians,W
1332871,451354551,2026-01-26 12:15,stylishsteam,0,Portuguese,L
1332871,451354551,2026-01-26 12:15,sundar7238,1,Ethiopians,W
1332871,451354551,2026-01-26 12:15,tyPo,0,Byzantines,L
1332882,451372635,2026-01-26 14:59,centurion12,1,Dravidians,W
1332882,451372635,2026-01-26 14:59,Shadeslayer,1,Italians,W
1332882,451372635,2026-01-26 14:59,I'm Dead Guyzzz...,1,Aztecs,W
1332882,451372635,2026-01-26 14:59,thelivi,0,Shu,L
1332882,451372635,2026-01-26 14:59,Gajini,1,Maya,W
1332882,451372635,2026-01-26 14:59,stylishsteam,0,Huns,L
1332882,451372635,2026-01-26 14:59,sundar7238,0,Bulgarians,L
1332882,451372635,2026-01-26 14:59,tyPo,0,Lithuanians,L
1332895,451383654,2026-01-26 15:39,centurion12,0,Shu,W
1332895,451383654,2026-01-26 15:39,trush25,0,Vikings,W
1332895,451383654,2026-01-26 15:39,drgameher,1,Celts,L
1332895,451383654,2026-01-26 15:39,tyPo Fan,1,Mongols,L
1332895,451383654,2026-01-26 15:39,thelivi,1,Romans,L
1332895,451383654,2026-01-26 15:39,Gajini,1,Hindustanis,L
1332895,451383654,2026-01-26 15:39,guruGreatest,0,Turks,W
1332895,451383654,2026-01-26 15:39,tyPo,0,Saracens,W
1332911,451391458,2026-01-26 16:21,ImVaibhav,0,Burmese,W
1332911,451391458,2026-01-26 16:21,trush25,1,Armenians,L
1332911,451391458,2026-01-26 16:21,Shadeslayer,1,Koreans,L
1332911,451391458,2026-01-26 16:21,I'm Dead Guyzzz...,0,Teutons,W
1332911,451391458,2026-01-26 16:21,tyPo Fan,0,Turks,W
1332911,451391458,2026-01-26 16:21,Gajini,1,Franks,L
1332911,451391458,2026-01-26 16:21,guruGreatest,1,Aztecs,L
1332953,451403340,2026-01-26 17:27,ImVaibhav,1,Malians,W
1332953,451403340,2026-01-26 17:27,trush25,0,Shu,L
1332953,451403340,2026-01-26 17:27,drgameher,1,Khmer,W
1332953,451403340,2026-01-26 17:27,I'm Dead Guyzzz...,0,Gurjaras,L
1332953,451403340,2026-01-26 17:27,thelivi,1,Byzantines,W
1332953,451403340,2026-01-26 17:27,Gajini,0,Poles,L
1332953,451403340,2026-01-26 17:27,guruGreatest,1,Sicilians,W
1332953,451403340,2026-01-26 17:27,sundar7238,0,Turks,L
1332975,451412637,2026-01-26 18:13,drgameher,1,Koreans,W
1332975,451412637,2026-01-26 18:13,Shadeslayer,1,Bengalis,W
1332975,451412637,2026-01-26 18:13,I'm Dead Guyzzz...,0,Spanish,L
1332975,451412637,2026-01-26 18:13,tyPo Fan,1,Vikings,W
1332975,451412637,2026-01-26 18:13,thelivi,0,Georgians,L
1332975,451412637,2026-01-26 18:13,Gajini,0,Goths,L
1332975,451412637,2026-01-26 18:13,guruGreatest,1,Malians,W
1332975,451412637,2026-01-26 18:13,TiShi,0,Jurchens,L
1332995,451420904,2026-01-26 19:19,drgameher,1,Saracens,L
1332995,451420904,2026-01-26 19:19,thelivi,1,Berbers,L
1332995,451420904,2026-01-26 19:19,Gajini,1,Koreans,L
1332995,451420904,2026-01-26 19:19,guruGreatest,1,Goths,L
1332995,451420904,2026-01-26 19:19,sundar7238,0,Britons,W
1332995,451420904,2026-01-26 19:19,TiShi,0,Poles,W
1332995,451420904,2026-01-26 19:19,tyPo,0,Persians,W
1334918,452374192,2026-01-30 18:20,MuttonKuska,1,Celts,W
1334918,452374192,2026-01-30 18:20,centurion12,0,Vietnamese,L
1334918,452374192,2026-01-30 18:20,thelivi,0,Magyars,L
1334918,452374192,2026-01-30 18:20,Gajini,0,Tatars,L
1334918,452374192,2026-01-30 18:20,stylishsteam,0,Britons,L
1334918,452374192,2026-01-30 18:20,TiShi,1,Koreans,W
1334918,452374192,2026-01-30 18:20,tyPo,1,Malians,W
1334918,452374192,2026-01-30 18:20,M1k3,1,Shu,W
1334925,452374192,2026-01-30 19:08,MuttonKuska,0,Celts,L
1334925,452374192,2026-01-30 19:08,centurion12,1,Vietnamese,W
1334925,452374192,2026-01-30 19:08,thelivi,0,Magyars,L
1334925,452374192,2026-01-30 19:08,Gajini,1,Tatars,W
1334925,452374192,2026-01-30 19:08,stylishsteam,0,Britons,L
1334925,452374192,2026-01-30 19:08,TiShi,0,Koreans,L
1334925,452374192,2026-01-30 19:08,tyPo,1,Malians,W
1334925,452374192,2026-01-30 19:08,M1k3,1,Shu,W
1334950,452384355,2026-01-30 19:36,centurion12,1,Turks,W
1334950,452384355,2026-01-30 19:36,newisyou,0,Shu,L
1334950,452384355,2026-01-30 19:36,Shadeslayer,0,Dravidians,L
1334950,452384355,2026-01-30 19:36,thelivi,1,Berbers,W
1334950,452384355,2026-01-30 19:36,Gajini,1,Ethiopians,W
1334950,452384355,2026-01-30 19:36,TiShi,0,Huns,L
1334950,452384355,2026-01-30 19:36,tyPo,0,Teutons,L
1335472,452643108,2026-01-31 17:11,centurion12,0,Huns,L
1335472,452643108,2026-01-31 17:11,Dark De Bruyne,1,Armenians,W
1335472,452643108,2026-01-31 17:11,ddk,0,Gurjaras,L
1335472,452643108,2026-01-31 17:11,thelivi,0,Saracens,L
1335472,452643108,2026-01-31 17:11,Gajini,0,Britons,L
1335472,452643108,2026-01-31 17:11,sundar7238,1,Japanese,W
1335472,452643108,2026-01-31 17:11,M1k3,1,Jurchens,W
1335497,452652513,2026-01-31 17:59,centurion12,1,Dravidians,W
1335497,452652513,2026-01-31 17:59,drgameher,1,Malians,W
1335497,452652513,2026-01-31 17:59,ddk,1,Cumans,W
1335497,452652513,2026-01-31 17:59,Gajini,0,Gurjaras,L
1335497,452652513,2026-01-31 17:59,guruGreatest,0,Turks,L
1335497,452652513,2026-01-31 17:59,sundar7238,0,Ethiopians,L
1335497,452652513,2026-01-31 17:59,tyPo,1,Vikings,W
1335527,452666017,2026-01-31 18:47,drgameher,0,Maya,L
1335527,452666017,2026-01-31 18:47,thelivi,0,Gurjaras,L
1335527,452666017,2026-01-31 18:47,Gajini,0,Burmese,L
1335527,452666017,2026-01-31 18:47,guruGreatest,1,Slavs,W
1335527,452666017,2026-01-31 18:47,TiShi,1,Turks,W
1335546,452678131,2026-01-31 19:29,MuttonKuska,0,Byzantines,W
1335546,452678131,2026-01-31 19:29,Dark De Bruyne,1,Spanish,L
1335546,452678131,2026-01-31 19:29,drgameher,1,Italians,L
1335546,452678131,2026-01-31 19:29,guruGreatest,1,Huns,L
1335546,452678131,2026-01-31 19:29,TiShi,0,Celts,W
1335546,452678131,2026-01-31 19:29,tyPo,0,Berbers,W
1335563,452690043,2026-01-31 20:10,ninjavarier,0,Malay,L
1335563,452690043,2026-01-31 20:10,Dark De Bruyne,1,Dravidians,W
1335563,452690043,2026-01-31 20:10,drgameher,1,Georgians,W
1335563,452690043,2026-01-31 20:10,Gajini,0,Celts,L
1335563,452690043,2026-01-31 20:10,guruGreatest,1,Vikings,W
1335563,452690043,2026-01-31 20:10,sundar7238,1,Franks,W
1335563,452690043,2026-01-31 20:10,M1k3,0,Sicilians,L
1335588,452701778,2026-01-31 21:05,ninjavarier,1,Italians,W
1335588,452701778,2026-01-31 21:05,drgameher,0,Spanish,L
1335588,452701778,2026-01-31 21:05,newisyou,0,Lithuanians,L
1335588,452701778,2026-01-31 21:05,Gajini,1,Byzantines,W
1335588,452701778,2026-01-31 21:05,guruGreatest,0,Mongols,L
1335588,452701778,2026-01-31 21:05,sundar7238,1,Berbers,W
1335588,452701778,2026-01-31 21:05,TiShi,1,Hindustanis,W
1335588,452701778,2026-01-31 21:05,tyPo,0,Bohemians,L
1335622,452717511,2026-01-31 21:50,Dark De Bruyne,0,Hindustanis,L
1335622,452717511,2026-01-31 21:50,drgameher,0,Poles,L
1335622,452717511,2026-01-31 21:50,newisyou,1,Malians,W
1335622,452717511,2026-01-31 21:50,guruGreatest,0,Lithuanians,L
1335622,452717511,2026-01-31 21:50,sundar7238,0,Burgundians,L
1335622,452717511,2026-01-31 21:50,tyPo,1,Saracens,W
1335924,452843747,2026-02-01 07:14,MuttonKuska,0,Burgundians,W
1335924,452843747,2026-02-01 07:14,centurion12,0,Ethiopians,W
1335924,452843747,2026-02-01 07:14,Dark De Bruyne,1,Tatars,L
1335924,452843747,2026-02-01 07:14,ddk,0,Wei,W
1335924,452843747,2026-02-01 07:14,Gajini,1,Poles,L
1335924,452843747,2026-02-01 07:14,tyPo,0,Spanish,W
1335924,452843747,2026-02-01 07:14,M1k3,1,Turks,L
1335948,452851337,2026-02-01 07:54,centurion12,1,Franks,W
1335948,452851337,2026-02-01 07:54,Shadeslayer,0,Wu,L
1335948,452851337,2026-02-01 07:54,ddk,0,Tatars,L
1335948,452851337,2026-02-01 07:54,thelivi,1,Aztecs,W
1335948,452851337,2026-02-01 07:54,Gajini,1,Gurjaras,W
1335948,452851337,2026-02-01 07:54,tyPo,0,Goths,L
1335948,452851337,2026-02-01 07:54,M1k3,1,Jurchens,W
1335968,452856868,2026-02-01 08:30,MuttonKuska,1,Lithuanians,L
1335968,452856868,2026-02-01 08:30,centurion12,0,Poles,W
1335968,452856868,2026-02-01 08:30,Dark De Bruyne,0,Koreans,W
1335968,452856868,2026-02-01 08:30,Shadeslayer,1,Jurchens,L
1335968,452856868,2026-02-01 08:30,ddk,1,Vikings,L
1335968,452856868,2026-02-01 08:30,Gajini,1,Cumans,L
1335968,452856868,2026-02-01 08:30,tyPo,0,Burgundians,W
1335988,452875154,2026-02-01 10:38,Dark De Bruyne,1,Spanish,W
1335988,452875154,2026-02-01 10:38,ddk,0,Ethiopians,L
1335988,452875154,2026-02-01 10:38,guruGreatest,1,Bulgarians,W
1335988,452875154,2026-02-01 10:38,stylishsteam,1,Cumans,W
1335988,452875154,2026-02-01 10:38,sundar7238,1,Burgundians,W
1335988,452875154,2026-02-01 10:38,TiShi,0,Mongols,L
1335988,452875154,2026-02-01 10:38,tyPo,0,Goths,L
1335988,452875154,2026-02-01 10:38,Kaipullae,0,Celts,L
1335992,452879770,2026-02-01 11:13,centurion12,0,Berbers,W
1335992,452879770,2026-02-01 11:13,Dark De Bruyne,1,Shu,L
1335992,452879770,2026-02-01 11:13,guruGreatest,1,Bohemians,L
1335992,452879770,2026-02-01 11:13,stylishsteam,0,Wei,W
1335992,452879770,2026-02-01 11:13,sundar7238,1,Mongols,L
1335992,452879770,2026-02-01 11:13,TiShi,0,Georgians,W
1335992,452879770,2026-02-01 11:13,tyPo,1,Italians,L
1335992,452879770,2026-02-01 11:13,M1k3,0,Lithuanians,W
1336000,452886896,2026-02-01 12:01,centurion12,1,Bulgarians,W
1336000,452886896,2026-02-01 12:01,Dark De Bruyne,0,Aztecs,L
1336000,452886896,2026-02-01 12:01,aquasama7056,0,Wu,L
1336000,452886896,2026-02-01 12:01,tyPo Fan,1,Byzantines,W
1336000,452886896,2026-02-01 12:01,Gajini,0,Burgundians,L
1336000,452886896,2026-02-01 12:01,guruGreatest,0,Japanese,L
1336000,452886896,2026-02-01 12:01,TiShi,1,Dravidians,W
1336005,452893008,2026-02-01 12:43,Dark De Bruyne,0,Saracens,L
1336005,452893008,2026-02-01 12:43,aquasama7056,1,Goths,W
1336005,452893008,2026-02-01 12:43,rusher,1,Persians,W
1336005,452893008,2026-02-01 12:43,tyPo Fan,0,Koreans,L
1336005,452893008,2026-02-01 12:43,Gajini,1,Portuguese,W
1336005,452893008,2026-02-01 12:43,guruGreatest,0,Britons,L
1336005,452893008,2026-02-01 12:43,TiShi,1,Berbers,W
1336005,452893008,2026-02-01 12:43,Kaipullae,0,Vikings,L
1336053,452925826,2026-02-01 15:30,MuttonKuska,0,Khmer,W
1336053,452925826,2026-02-01 15:30,centurion12,0,Byzantines,W
1336053,452925826,2026-02-01 15:30,Gajini,0,Franks,W
1336053,452925826,2026-02-01 15:30,guruGreatest,1,Sicilians,L
1336053,452925826,2026-02-01 15:30,TiShi,1,Hindustanis,L
1336053,452925826,2026-02-01 15:30,M1k3,1,Chinese,L
1336053,452925826,2026-02-01 15:30,Kaipullae,1,Aztecs,L
1336205,452998490,2026-02-01 19:44,Dark De Bruyne,1,Britons,L
1336205,452998490,2026-02-01 19:44,Shadeslayer,1,Teutons,L
1336205,452998490,2026-02-01 19:44,ddk,1,Aztecs,L
1336205,452998490,2026-02-01 19:44,thelivi,0,Celts,W
1336205,452998490,2026-02-01 19:44,TiShi,1,Khitans,L
1336205,452998490,2026-02-01 19:44,tyPo,0,Poles,W
1336205,452998490,2026-02-01 19:44,M1k3,0,Bulgarians,W
1336241,453009314,2026-02-01 20:27,Dark De Bruyne,0,Turks,W
1336241,453009314,2026-02-01 20:27,ddk,0,Bulgarians,W
1336241,453009314,2026-02-01 20:27,thelivi,0,Hindustanis,W
1336241,453009314,2026-02-01 20:27,TiShi,1,Dravidians,L
1336241,453009314,2026-02-01 20:27,tyPo,0,Burmese,W
1336241,453009314,2026-02-01 20:27,M1k3,1,Japanese,L
1338202,454160744,2026-02-06 18:47,I'm Dead Guyzzz...,0,Ethiopians,L
1338202,454160744,2026-02-06 18:47,thelivi,0,Japanese,L
1338202,454160744,2026-02-06 18:47,sundar7238,0,Bohemians,L
1338202,454160744,2026-02-06 18:47,TiShi,1,Slavs,W
1338221,454178568,2026-02-06 19:26,I'm Dead Guyzzz...,0,Berbers,L
1338221,454178568,2026-02-06 19:26,tyPo Fan,0,Franks,L
1338221,454178568,2026-02-06 19:26,thelivi,1,Lithuanians,W
1338221,454178568,2026-02-06 19:26,sundar7238,0,Hindustanis,L
1338230,454178568,2026-02-06 20:06,I'm Dead Guyzzz...,0,Berbers,W
1338230,454178568,2026-02-06 20:06,tyPo Fan,0,Franks,W
1338230,454178568,2026-02-06 20:06,thelivi,1,Lithuanians,L
1338230,454178568,2026-02-06 20:06,sundar7238,0,Hindustanis,W
1338230,454178568,2026-02-06 20:06,M1k3,0,Saracens,W
1338724,454420651,2026-02-07 17:15,aquasama7056,0,Chinese,W
1338724,454420651,2026-02-07 17:15,ddk,1,Goths,L
1338724,454420651,2026-02-07 17:15,thelivi,1,Vietnamese,L
1338724,454420651,2026-02-07 17:15,Gajini,0,Magyars,W
1338724,454420651,2026-02-07 17:15,guruGreatest,1,Khmer,L
1338731,454436143,2026-02-07 17:45,centurion12,1,Persians,W
1338731,454436143,2026-02-07 17:45,Shadeslayer,0,Burgundians,L
1338731,454436143,2026-02-07 17:45,ddk,0,Gurjaras,L
1338731,454436143,2026-02-07 17:45,thelivi,1,Goths,W
1338731,454436143,2026-02-07 17:45,guruGreatest,1,Teutons,W
1338731,454436143,2026-02-07 17:45,sundar7238,0,Khmer,L
1338731,454436143,2026-02-07 17:45,tyPo,0,Maya,L
1338746,454436143,2026-02-07 18:27,centurion12,0,Persians,W
1338746,454436143,2026-02-07 18:27,Dark De Bruyne,0,Hindustanis,W
1338746,454436143,2026-02-07 18:27,Shadeslayer,0,Burgundians,W
1338746,454436143,2026-02-07 18:27,ddk,1,Gurjaras,L
1338746,454436143,2026-02-07 18:27,thelivi,1,Goths,L
1338746,454436143,2026-02-07 18:27,guruGreatest,1,Teutons,L
1338746,454436143,2026-02-07 18:27,sundar7238,1,Khmer,L
1338746,454436143,2026-02-07 18:27,tyPo,0,Maya,W
1338769,454446261,2026-02-07 19:09,ImVaibhav,1,Tatars,L
1338769,454446261,2026-02-07 19:09,Dark De Bruyne,1,Armenians,L
1338769,454446261,2026-02-07 19:09,I'm Dead Guyzzz...,0,Vikings,W
1338769,454446261,2026-02-07 19:09,ddk,1,Bulgarians,L
1338769,454446261,2026-02-07 19:09,tyPo Fan,0,Poles,W
1338769,454446261,2026-02-07 19:09,guruGreatest,0,Japanese,W
1338769,454446261,2026-02-07 19:09,tyPo,1,Inca,L
1338782,454456996,2026-02-07 20:01,MuttonKuska,0,Ethiopians,L
1338782,454456996,2026-02-07 20:01,Dark De Bruyne,1,Mongols,W
1338782,454456996,2026-02-07 20:01,I'm Dead Guyzzz...,0,Poles,L
1338782,454456996,2026-02-07 20:01,ddk,1,Japanese,W
1338782,454456996,2026-02-07 20:01,tyPo Fan,0,Berbers,L
1338782,454456996,2026-02-07 20:01,guruGreatest,1,Goths,W
1338782,454456996,2026-02-07 20:01,tyPo,1,Spanish,W
1338806,454470002,2026-02-07 20:35,MuttonKuska,0,Byzantines,L
1338806,454470002,2026-02-07 20:35,Dark De Bruyne,0,Portuguese,L
1338806,454470002,2026-02-07 20:35,newisyou,1,Saracens,W
1338806,454470002,2026-02-07 20:35,Shadeslayer,0,Hindustanis,L
1338806,454470002,2026-02-07 20:35,I'm Dead Guyzzz...,0,Burgundians,L
1338806,454470002,2026-02-07 20:35,ddk,1,Shu,W
1338806,454470002,2026-02-07 20:35,guruGreatest,1,Cumans,W
1338806,454470002,2026-02-07 20:35,M1k3,1,Celts,W
1338822,454480615,2026-02-07 21:11,Dark De Bruyne,0,Lithuanians,L
1338822,454480615,2026-02-07 21:11,newisyou,1,Chinese,W
1338822,454480615,2026-02-07 21:11,Shadeslayer,0,Turks,L
1338822,454480615,2026-02-07 21:11,aquasama7056,1,Japanese,W
1338822,454480615,2026-02-07 21:11,I'm Dead Guyzzz...,1,Inca,W
1338822,454480615,2026-02-07 21:11,ddk,0,Wu,L
1338822,454480615,2026-02-07 21:11,tyPo Fan,0,Aztecs,L
1338822,454480615,2026-02-07 21:11,guruGreatest,1,Persians,W
1338848,454491097,2026-02-07 21:59,ImVaibhav,1,Ethiopians,L
1338848,454491097,2026-02-07 21:59,Dark De Bruyne,1,Berbers,L
1338848,454491097,2026-02-07 21:59,newisyou,0,Celts,W
1338848,454491097,2026-02-07 21:59,Shadeslayer,0,Wu,W
1338848,454491097,2026-02-07 21:59,I'm Dead Guyzzz...,0,Bohemians,W
1338848,454491097,2026-02-07 21:59,tyPo Fan,1,Chinese,L
1338848,454491097,2026-02-07 21:59,guruGreatest,0,Bulgarians,W
1339287,454665886,2026-02-08 13:19,MuttonKuska,1,Turks,L
1339287,454665886,2026-02-08 13:19,centurion12,1,Khitans,L
1339287,454665886,2026-02-08 13:19,I'm Dead Guyzzz...,0,Poles,W
1339287,454665886,2026-02-08 13:19,Gajini,0,Gurjaras,W
1339287,454665886,2026-02-08 13:19,sundar7238,0,Malians,W
1339296,454673662,2026-02-08 14:12,centurion12,1,Goths,W
1339296,454673662,2026-02-08 14:12,aquasama7056,1,Teutons,W
1339296,454673662,2026-02-08 14:12,I'm Dead Guyzzz...,0,Bohemians,L
1339296,454673662,2026-02-08 14:12,thelivi,0,Vikings,L
1339296,454673662,2026-02-08 14:12,Gajini,1,Mongols,W
1339296,454673662,2026-02-08 14:12,sundar7238,0,Ethiopians,L
1339296,454673662,2026-02-08 14:12,tyPo,0,Berbers,L
1339296,454673662,2026-02-08 14:12,Kaipullae,1,Huns,W
1339310,454683277,2026-02-08 15:01,centurion12,1,Italians,W
1339310,454683277,2026-02-08 15:01,I'm Dead Guyzzz...,0,Lithuanians,L
1339310,454683277,2026-02-08 15:01,tyPo Fan,1,Portuguese,W
1339310,454683277,2026-02-08 15:01,Gajini,1,Persians,W
1339310,454683277,2026-02-08 15:01,guruGreatest,0,Malians,L
1339310,454683277,2026-02-08 15:01,sundar7238,0,Aztecs,L
1339310,454683277,2026-02-08 15:01,TiShi,0,Britons,L
1339310,454683277,2026-02-08 15:01,tyPo,1,Poles,W
1339328,454694453,2026-02-08 15:40,MuttonKuska,0,Celts,L
1339328,454694453,2026-02-08 15:40,centurion12,1,Armenians,W
1339328,454694453,2026-02-08 15:40,I'm Dead Guyzzz...,0,Bengalis,L
1339328,454694453,2026-02-08 15:40,Gajini,1,Hindustanis,W
1339328,454694453,2026-02-08 15:40,guruGreatest,1,Cumans,W
1339328,454694453,2026-02-08 15:40,sundar7238,0,Burmese,L
1339328,454694453,2026-02-08 15:40,TiShi,0,Turks,L
1339328,454694453,2026-02-08 15:40,tyPo,1,Koreans,W
1339370,454721677,2026-02-08 17:35,Dark De Bruyne,1,Malians,W
1339370,454721677,2026-02-08 17:35,ddk,0,Jurchens,L
1339370,454721677,2026-02-08 17:35,thelivi,0,Japanese,L
1339370,454721677,2026-02-08 17:35,stylishsteam,0,Aztecs,L
1339370,454721677,2026-02-08 17:35,sundar7238,0,Slavs,L
1339370,454721677,2026-02-08 17:35,TiShi,1,Burgundians,W
1339370,454721677,2026-02-08 17:35,tyPo,1,Saracens,W
1339382,454733714,2026-02-08 18:17,MuttonKuska,1,Sicilians,L
1339382,454733714,2026-02-08 18:17,centurion12,1,Slavs,L
1339382,454733714,2026-02-08 18:17,tyPo Fan,1,Teutons,L
1339382,454733714,2026-02-08 18:17,thelivi,0,Wei,W
1339382,454733714,2026-02-08 18:17,guruGreatest,0,Ethiopians,W
1339382,454733714,2026-02-08 18:17,stylishsteam,0,Persians,W
1339382,454733714,2026-02-08 18:17,TiShi,0,Koreans,W
1339382,454733714,2026-02-08 18:17,Kaipullae,1,Magyars,L
1339396,454744037,2026-02-08 18:56,Dark De Bruyne,0,Shu,L
1339396,454744037,2026-02-08 18:56,newisyou,0,Portuguese,L
1339396,454744037,2026-02-08 18:56,ddk,1,Spanish,W
1339396,454744037,2026-02-08 18:56,tyPo Fan,1,Slavs,W
1339396,454744037,2026-02-08 18:56,tyPo,0,Bulgarians,L
1339396,454744037,2026-02-08 18:56,M1k3,0,Vietnamese,L
1339416,454768637,2026-02-08 19:48,Dark De Bruyne,1,Wei,W
1339416,454768637,2026-02-08 19:48,newisyou,0,Khitans,L
1339416,454768637,2026-02-08 19:48,thelivi,0,Romans,L
1339416,454768637,2026-02-08 19:48,guruGreatest,1,Sicilians,W
1339416,454768637,2026-02-08 19:48,TiShi,0,Ethiopians,L
1339416,454768637,2026-02-08 19:48,tyPo,0,Maya,L
1339439,454768637,2026-02-08 20:28,Dark De Bruyne,1,Wei,L
1339439,454768637,2026-02-08 20:28,newisyou,1,Khitans,L
1339439,454768637,2026-02-08 20:28,Shadeslayer,0,Vikings,W
1339439,454768637,2026-02-08 20:28,tyPo Fan,0,Celts,W
1339439,454768637,2026-02-08 20:28,thelivi,1,Romans,L
1339439,454768637,2026-02-08 20:28,guruGreatest,1,Sicilians,L
1339439,454768637,2026-02-08 20:28,TiShi,0,Ethiopians,W
1339439,454768637,2026-02-08 20:28,tyPo,0,Maya,W
1342083,456034239,2026-02-14 07:09,ninjavarier,1,Wu,L
1342083,456034239,2026-02-14 07:09,centurion12,1,Wei,L
1342083,456034239,2026-02-14 07:09,Dark De Bruyne,0,Huns,W
1342083,456034239,2026-02-14 07:09,ddk,1,Koreans,L
1342083,456034239,2026-02-14 07:09,thelivi,0,Armenians,W
1342083,456034239,2026-02-14 07:09,Gajini,0,Bohemians,W
1342083,456034239,2026-02-14 07:09,TiShi,1,Burmese,L
1342115,456040075,2026-02-14 07:50,ninjavarier,1,Sicilians,L
1342115,456040075,2026-02-14 07:50,centurion12,0,Slavs,W
1342115,456040075,2026-02-14 07:50,Shadeslayer,0,Japanese,W
1342115,456040075,2026-02-14 07:50,ddk,1,Lithuanians,L
1342115,456040075,2026-02-14 07:50,thelivi,1,Chinese,L
1342115,456040075,2026-02-14 07:50,Gajini,0,Vietnamese,W
1342115,456040075,2026-02-14 07:50,sundar7238,0,Celts,W
1342115,456040075,2026-02-14 07:50,TiShi,1,Italians,L
1342167,456076498,2026-02-14 12:10,centurion12,0,Huns,L
1342167,456076498,2026-02-14 12:10,trush25,0,Inca,L
1342167,456076498,2026-02-14 12:10,Gajini,0,Portuguese,L
1342167,456076498,2026-02-14 12:10,guruGreatest,1,Malay,W
1342167,456076498,2026-02-14 12:10,sundar7238,1,Bengalis,W
1342167,456076498,2026-02-14 12:10,tyPo,1,Lithuanians,W
1342174,456076498,2026-02-14 13:07,centurion12,0,Huns,L
1342174,456076498,2026-02-14 13:07,trush25,1,Inca,W
1342174,456076498,2026-02-14 13:07,Gajini,0,Portuguese,L
1342174,456076498,2026-02-14 13:07,guruGreatest,0,Malay,L
1342174,456076498,2026-02-14 13:07,sundar7238,1,Bengalis,W
1342174,456076498,2026-02-14 13:07,tyPo,1,Lithuanians,W
1342255,456128418,2026-02-14 17:18,ninjavarier,0,Bohemians,L
1342255,456128418,2026-02-14 17:18,ImVaibhav,1,Britons,W
1342255,456128418,2026-02-14 17:18,trush25,1,Poles,W
1342255,456128418,2026-02-14 17:18,newisyou,1,Maya,W
1342255,456128418,2026-02-14 17:18,guruGreatest,0,Turks,L
1342255,456128418,2026-02-14 17:18,stylishsteam,0,Khmer,L
1342255,456128418,2026-02-14 17:18,M1k3,0,Cumans,L
1342274,456139447,2026-02-14 18:08,centurion12,0,Celts,L
1342274,456139447,2026-02-14 18:08,trush25,1,Wu,W
1342274,456139447,2026-02-14 18:08,newisyou,0,Ethiopians,L
1342274,456139447,2026-02-14 18:08,thelivi,1,Magyars,W
1342274,456139447,2026-02-14 18:08,guruGreatest,0,Franks,L
1342274,456139447,2026-02-14 18:08,sundar7238,0,Mongols,L
1342274,456139447,2026-02-14 18:08,tyPo,1,Burgundians,W
1342274,456139447,2026-02-14 18:08,Kaipullae,1,Teutons,W
1342297,456150579,2026-02-14 19:02,newisyou,1,Huns,L
1342297,456150579,2026-02-14 19:02,thelivi,1,Teutons,L
1342297,456150579,2026-02-14 19:02,Gajini,0,Celts,W
1342297,456150579,2026-02-14 19:02,guruGreatest,1,Tatars,L
1342297,456150579,2026-02-14 19:02,stylishsteam,1,Shu,L
1342297,456150579,2026-02-14 19:02,sundar7238,0,Turks,W
1342297,456150579,2026-02-14 19:02,M1k3,0,Wei,W
1342326,456162438,2026-02-14 19:33,ninjavarier,1,Aztecs,L
1342326,456162438,2026-02-14 19:33,Dark De Bruyne,1,Spanish,L
1342326,456162438,2026-02-14 19:33,trush25,0,Mongols,W
1342326,456162438,2026-02-14 19:33,Shadeslayer,1,Georgians,L
1342326,456162438,2026-02-14 19:33,tyPo,0,Vikings,W
1342326,456162438,2026-02-14 19:33,Kaipullae,1,Japanese,L
1342340,456169696,2026-02-14 20:04,MuttonKuska,0,Spanish,L
1342340,456169696,2026-02-14 20:04,trush25,1,Ethiopians,W
1342340,456169696,2026-02-14 20:04,newisyou,0,Burgundians,L
1342340,456169696,2026-02-14 20:04,Shadeslayer,0,Poles,L
1342340,456169696,2026-02-14 20:04,Gajini,1,Malay,W
1342340,456169696,2026-02-14 20:04,guruGreatest,1,Vikings,W
1342340,456169696,2026-02-14 20:04,stylishsteam,0,Khitans,L
1342340,456169696,2026-02-14 20:04,sundar7238,1,Koreans,W
1342361,456177017,2026-02-14 20:46,Dark De Bruyne,0,Dravidians,L
1342361,456177017,2026-02-14 20:46,Shadeslayer,1,Bengalis,W
1342361,456177017,2026-02-14 20:46,thelivi,1,Koreans,W
1342361,456177017,2026-02-14 20:46,stylishsteam,1,Armenians,W
1342361,456177017,2026-02-14 20:46,tyPo,1,Malay,W
1342361,456177017,2026-02-14 20:46,M1k3,0,Sicilians,L
1342385,456187911,2026-02-14 21:51,MuttonKuska,1,Dravidians,L
1342385,456187911,2026-02-14 21:51,Dark De Bruyne,0,Armenians,W
1342385,456187911,2026-02-14 21:51,newisyou,1,Teutons,L
1342385,456187911,2026-02-14 21:51,thelivi,1,Portuguese,L
1342385,456187911,2026-02-14 21:51,guruGreatest,1,Burmese,L
1342385,456187911,2026-02-14 21:51,sundar7238,0,Malians,W
1342633,456297769,2026-02-15 06:54,ninjavarier,1,Magyars,L
1342633,456297769,2026-02-15 06:54,centurion12,0,Romans,W
1342633,456297769,2026-02-15 06:54,Dark De Bruyne,0,Mongols,W
1342633,456297769,2026-02-15 06:54,aquasama7056,1,Dravidians,L
1342633,456297769,2026-02-15 06:54,ddk,1,Teutons,L
1342633,456297769,2026-02-15 06:54,Gajini,1,Italians,L
1342633,456297769,2026-02-15 06:54,M1k3,0,Vietnamese,W
1342656,456304503,2026-02-15 07:26,ninjavarier,1,Chinese,L
1342656,456304503,2026-02-15 07:26,centurion12,1,Huns,L
1342656,456304503,2026-02-15 07:26,aquasama7056,1,Goths,L
1342656,456304503,2026-02-15 07:26,ddk,0,Romans,W
1342656,456304503,2026-02-15 07:26,thelivi,0,Shu,W
1342656,456304503,2026-02-15 07:26,Gajini,1,Malians,L
1342656,456304503,2026-02-15 07:26,tyPo,0,Inca,W
1342683,456309289,2026-02-15 08:03,centurion12,1,Celts,W
1342683,456309289,2026-02-15 08:03,Dark De Bruyne,1,Ethiopians,W
1342683,456309289,2026-02-15 08:03,aquasama7056,0,Japanese,L
1342683,456309289,2026-02-15 08:03,ddk,1,Burmese,W
1342683,456309289,2026-02-15 08:03,thelivi,1,Romans,W
1342683,456309289,2026-02-15 08:03,tyPo,0,Koreans,L
1342700,456313465,2026-02-15 08:43,centurion12,1,Slavs,L
1342700,456313465,2026-02-15 08:43,ddk,0,Aztecs,W
1342700,456313465,2026-02-15 08:43,Gajini,1,Inca,L
1342700,456313465,2026-02-15 08:43,guruGreatest,0,Burgundians,W
1342700,456313465,2026-02-15 08:43,tyPo,0,Berbers,W
1342700,456313465,2026-02-15 08:43,M1k3,1,Bengalis,L
1342723,456318366,2026-02-15 09:24,centurion12,1,Aztecs,L
1342723,456318366,2026-02-15 09:24,Dark De Bruyne,1,Franks,L
1342723,456318366,2026-02-15 09:24,ddk,0,Vikings,W
1342723,456318366,2026-02-15 09:24,Gajini,1,Celts,L
1342723,456318366,2026-02-15 09:24,guruGreatest,0,Ethiopians,W
1342723,456318366,2026-02-15 09:24,sundar7238,0,Japanese,W
1342735,456327938,2026-02-15 10:01,Dark De Bruyne,1,Armenians,W
1342735,456327938,2026-02-15 10:01,newisyou,0,Cumans,L
1342735,456327938,2026-02-15 10:01,tyPo Fan,1,Byzantines,W
1342735,456327938,2026-02-15 10:01,Gajini,1,Franks,W
1342735,456327938,2026-02-15 10:01,guruGreatest,0,Magyars,L
1342735,456327938,2026-02-15 10:01,sundar7238,0,Italians,L
1342735,456327938,2026-02-15 10:01,tyPo,0,Turks,L
1342741,456327938,2026-02-15 10:32,Dark De Bruyne,1,Armenians,W
1342741,456327938,2026-02-15 10:32,newisyou,1,Cumans,W
1342741,456327938,2026-02-15 10:32,tyPo Fan,1,Byzantines,W
1342741,456327938,2026-02-15 10:32,Gajini,1,Franks,W
1342741,456327938,2026-02-15 10:32,guruGreatest,0,Magyars,L
1342741,456327938,2026-02-15 10:32,sundar7238,0,Italians,L
1342741,456327938,2026-02-15 10:32,tyPo,0,Turks,L
1342747,456332419,2026-02-15 11:14,newisyou,0,Berbers,W
1342747,456332419,2026-02-15 11:14,rusher,0,Mongols,W
1342747,456332419,2026-02-15 11:14,tyPo Fan,0,Hindustanis,W
1342747,456332419,2026-02-15 11:14,Gajini,1,Bulgarians,L
1342747,456332419,2026-02-15 11:14,stylishsteam,0,Japanese,W
1342747,456332419,2026-02-15 11:14,sundar7238,1,Gurjaras,L
1342747,456332419,2026-02-15 11:14,tyPo,1,Bohemians,L
1342753,456337987,2026-02-15 11:57,ninjavarier,1,Hindustanis,L
1342753,456337987,2026-02-15 11:57,thelivi,1,Mongols,L
1342753,456337987,2026-02-15 11:57,Gajini,1,Celts,L
1342753,456337987,2026-02-15 11:57,guruGreatest,0,Britons,W
1342753,456337987,2026-02-15 11:57,stylishsteam,0,Magyars,W
1342753,456337987,2026-02-15 11:57,sundar7238,1,Japanese,L
1342753,456337987,2026-02-15 11:57,M1k3,0,Cumans,W
1342753,456337987,2026-02-15 11:57,Kaipullae,0,Saracens,W
1342888,456427616,2026-02-15 18:50,MuttonKuska,0,Sicilians,W
1342888,456427616,2026-02-15 18:50,Dark De Bruyne,1,Maya,L
1342888,456427616,2026-02-15 18:50,Shadeslayer,0,Celts,W
1342888,456427616,2026-02-15 18:50,ddk,0,Armenians,W
1342888,456427616,2026-02-15 18:50,guruGreatest,1,Georgians,L
1342888,456427616,2026-02-15 18:50,sundar7238,1,Teutons,L
1342888,456427616,2026-02-15 18:50,TiShi,1,Dravidians,L
1342888,456427616,2026-02-15 18:50,Kaipullae,0,Burgundians,W
1342908,456438697,2026-02-15 19:26,Dark De Bruyne,0,Mongols,L
1342908,456438697,2026-02-15 19:26,trush25,0,Bulgarians,L
1342908,456438697,2026-02-15 19:26,Shadeslayer,1,Lithuanians,W
1342908,456438697,2026-02-15 19:26,guruGreatest,1,Armenians,W
1342908,456438697,2026-02-15 19:26,sundar7238,0,Maya,L
1342908,456438697,2026-02-15 19:26,TiShi,0,Persians,L
1342908,456438697,2026-02-15 19:26,Kaipullae,1,Wei,W
1345521,457662092,2026-02-20 18:22,centurion12,1,Saracens,W
1345521,457662092,2026-02-20 18:22,ImVaibhav,1,Turks,W
1345521,457662092,2026-02-20 18:22,drgameher,0,Teutons,L
1345521,457662092,2026-02-20 18:22,I'm Dead Guyzzz...,0,Slavs,L
1345521,457662092,2026-02-20 18:22,Gajini,1,Tatars,W
1345521,457662092,2026-02-20 18:22,sundar7238,0,Huns,L
1345521,457662092,2026-02-20 18:22,Kaipullae,1,Shu,W
1345531,457673488,2026-02-20 19:07,I'm Dead Guyzzz...,0,Bulgarians,W
1345531,457673488,2026-02-20 19:07,thelivi,1,Sicilians,L
1345531,457673488,2026-02-20 19:07,guruGreatest,0,Inca,W
1345531,457673488,2026-02-20 19:07,sundar7238,1,Slavs,L
1345531,457673488,2026-02-20 19:07,tyPo,1,Vikings,L
1345531,457673488,2026-02-20 19:07,Kaipullae,1,Persians,L
1345564,457695733,2026-02-20 20:55,I'm Dead Guyzzz...,0,Celts,W
1345564,457695733,2026-02-20 20:55,Gajini,1,Italians,L
1345564,457695733,2026-02-20 20:55,wallandboom,0,Burgundians,W
1345564,457695733,2026-02-20 20:55,guruGreatest,1,Britons,L
1345564,457695733,2026-02-20 20:55,tyPo,0,Vietnamese,W
1345874,457835434,2026-02-21 07:26,centurion12,1,Koreans,L
1345874,457835434,2026-02-21 07:26,Shadeslayer,0,Tupi,W
1345874,457835434,2026-02-21 07:26,I'm Dead Guyzzz...,0,Malay,W
1345874,457835434,2026-02-21 07:26,Gajini,0,Vietnamese,W
1345874,457835434,2026-02-21 07:26,guruGreatest,1,Aztecs,L
1345874,457835434,2026-02-21 07:26,tyPo,1,Inca,L
1345948,457874995,2026-02-21 12:25,centurion12,0,Maya,L
1345948,457874995,2026-02-21 12:25,trush25,1,Georgians,W
1345948,457874995,2026-02-21 12:25,I'm Dead Guyzzz...,1,Burgundians,W
1345948,457874995,2026-02-21 12:25,guruGreatest,1,Lithuanians,W
1345948,457874995,2026-02-21 12:25,tyPo,0,Turks,L
1346086,457946275,2026-02-21 18:08,centurion12,1,Persians,W
1346086,457946275,2026-02-21 18:08,Dark De Bruyne,0,Mapuche,L
1346086,457946275,2026-02-21 18:08,drgameher,0,Byzantines,L
1346086,457946275,2026-02-21 18:08,rusher,1,Poles,W
1346086,457946275,2026-02-21 18:08,Gajini,1,Britons,W
1346086,457946275,2026-02-21 18:08,wallandboom,0,Goths,L
1346086,457946275,2026-02-21 18:08,sundar7238,1,Gurjaras,W
1346086,457946275,2026-02-21 18:08,tyPo,0,Huns,L
1346101,457959226,2026-02-21 18:56,Dark De Bruyne,1,Muisca,W
1346101,457959226,2026-02-21 18:56,drgameher,0,Mongols,L
1346101,457959226,2026-02-21 18:56,I'm Dead Guyzzz...,0,Huns,L
1346101,457959226,2026-02-21 18:56,tyPo Fan,0,Saracens,L
1346101,457959226,2026-02-21 18:56,Gajini,1,Cumans,W
1346101,457959226,2026-02-21 18:56,guruGreatest,1,Poles,W
1346101,457959226,2026-02-21 18:56,sundar7238,1,Vikings,W
1346101,457959226,2026-02-21 18:56,tyPo,0,Berbers,L
1346122,457971848,2026-02-21 19:37,trush25,0,Aztecs,W
1346122,457971848,2026-02-21 19:37,drgameher,1,Malay,L
1346122,457971848,2026-02-21 19:37,newisyou,0,Burmese,W
1346122,457971848,2026-02-21 19:37,Shadeslayer,1,Mapuche,L
1346122,457971848,2026-02-21 19:37,I'm Dead Guyzzz...,0,Inca,W
1346122,457971848,2026-02-21 19:37,tyPo Fan,1,Goths,L
1346122,457971848,2026-02-21 19:37,guruGreatest,0,Armenians,W
1346122,457971848,2026-02-21 19:37,tyPo,1,Britons,L
1346145,457992530,2026-02-21 20:17,Dark De Bruyne,1,Italians,L
1346145,457992530,2026-02-21 20:17,newisyou,1,Chinese,L
1346145,457992530,2026-02-21 20:17,Shadeslayer,1,Shu,L
1346145,457992530,2026-02-21 20:17,tyPo Fan,0,Portuguese,W
1346145,457992530,2026-02-21 20:17,Gajini,0,Teutons,W
1346145,457992530,2026-02-21 20:17,guruGreatest,0,Britons,W
1346145,457992530,2026-02-21 20:17,tyPo,1,Bulgarians,L
1346145,457992530,2026-02-21 20:17,M1k3,0,Mapuche,W
1346155,457992530,2026-02-21 20:57,Dark De Bruyne,0,Italians,W
1346155,457992530,2026-02-21 20:57,newisyou,0,Chinese,W
1346155,457992530,2026-02-21 20:57,Shadeslayer,1,Shu,L
1346155,457992530,2026-02-21 20:57,tyPo Fan,0,Portuguese,W
1346155,457992530,2026-02-21 20:57,Gajini,1,Teutons,L
1346155,457992530,2026-02-21 20:57,guruGreatest,0,Britons,W
1346155,457992530,2026-02-21 20:57,tyPo,1,Bulgarians,L
1346155,457992530,2026-02-21 20:57,M1k3,1,Mapuche,L
1346530,458132408,2026-02-22 07:42,centurion12,0,Burgundians,L
1346530,458132408,2026-02-22 07:42,Dark De Bruyne,1,Tupi,W
1346530,458132408,2026-02-22 07:42,I'm Dead Guyzzz...,0,Mongols,L
1346530,458132408,2026-02-22 07:42,thelivi,1,Berbers,W
1346530,458132408,2026-02-22 07:42,Gajini,1,Franks,W
1346530,458132408,2026-02-22 07:42,TiShi,1,Ethiopians,W
1346530,458132408,2026-02-22 07:42,tyPo,0,Burmese,L
1346550,458142735,2026-02-22 08:30,centurion12,1,Wu,L
1346550,458142735,2026-02-22 08:30,Shadeslayer,0,Wei,W
1346550,458142735,2026-02-22 08:30,I'm Dead Guyzzz...,0,Spanish,W
1346550,458142735,2026-02-22 08:30,ddk,0,Maya,W
1346550,458142735,2026-02-22 08:30,thelivi,1,Ethiopians,L
1346550,458142735,2026-02-22 08:30,guruGreatest,1,Bohemians,L
1346550,458142735,2026-02-22 08:30,TiShi,1,Italians,L
1346550,458142735,2026-02-22 08:30,tyPo,0,Huns,W
1346560,458149252,2026-02-22 09:09,centurion12,1,Shu,L
1346560,458149252,2026-02-22 09:09,Dark De Bruyne,0,Hindustanis,W
1346560,458149252,2026-02-22 09:09,drgameher,1,Byzantines,L
1346560,458149252,2026-02-22 09:09,ddk,1,Magyars,L
1346560,458149252,2026-02-22 09:09,Gajini,0,Malay,W
1346560,458149252,2026-02-22 09:09,guruGreatest,0,Spanish,W
1346560,458149252,2026-02-22 09:09,M1k3,0,Tupi,W
1346575,458156131,2026-02-22 09:58,Dark De Bruyne,1,Mapuche,W
1346575,458156131,2026-02-22 09:58,drgameher,1,Tatars,W
1346575,458156131,2026-02-22 09:58,I'm Dead Guyzzz...,0,Franks,L
1346575,458156131,2026-02-22 09:58,ddk,1,Portuguese,W
1346575,458156131,2026-02-22 09:58,thelivi,0,Britons,L
1346575,458156131,2026-02-22 09:58,Gajini,0,Malians,L
1346575,458156131,2026-02-22 09:58,guruGreatest,0,Vikings,L
1346584,458162022,2026-02-22 10:35,drgameher,1,Mongols,W
1346584,458162022,2026-02-22 10:35,I'm Dead Guyzzz...,1,Tatars,W
1346584,458162022,2026-02-22 10:35,ddk,0,Cumans,L
1346584,458162022,2026-02-22 10:35,thelivi,1,Wu,W
1346584,458162022,2026-02-22 10:35,Gajini,0,Huns,L
1346584,458162022,2026-02-22 10:35,guruGreatest,0,Burmese,L
1346584,458162022,2026-02-22 10:35,TiShi,1,Georgians,W
1346584,458162022,2026-02-22 10:35,tyPo,0,Gurjaras,L
1346592,458166277,2026-02-22 11:19,Dark De Bruyne,0,Persians,L
1346592,458166277,2026-02-22 11:19,trush25,0,Malians,L
1346592,458166277,2026-02-22 11:19,I'm Dead Guyzzz...,1,Chinese,W
1346592,458166277,2026-02-22 11:19,ddk,1,Berbers,W
1346592,458166277,2026-02-22 11:19,TiShi,1,Burgundians,W
1346592,458166277,2026-02-22 11:19,M1k3,0,Turks,L
1346592,458166277,2026-02-22 11:19,tokenbadteam,1,Bengalis,W
1346592,458166277,2026-02-22 11:19,Kaipullae,0,Bulgarians,L
1346605,458172897,2026-02-22 11:58,Dark De Bruyne,0,Bengalis,L
1346605,458172897,2026-02-22 11:58,trush25,1,Franks,W
1346605,458172897,2026-02-22 11:58,I'm Dead Guyzzz...,1,Hindustanis,W
1346605,458172897,2026-02-22 11:58,ddk,1,Georgians,W
1346605,458172897,2026-02-22 11:58,thelivi,0,Vikings,L
1346605,458172897,2026-02-22 11:58,Gajini,0,Burmese,L
1346605,458172897,2026-02-22 11:58,guruGreatest,0,Japanese,L
1346605,458172897,2026-02-22 11:58,tyPo,1,Tatars,W
1346622,458179503,2026-02-22 12:35,Dark De Bruyne,0,Turks,L
1346622,458179503,2026-02-22 12:35,trush25,0,Mongols,L
1346622,458179503,2026-02-22 12:35,I'm Dead Guyzzz...,1,Persians,W
1346622,458179503,2026-02-22 12:35,thelivi,1,Shu,W
1346622,458179503,2026-02-22 12:35,Gajini,0,Khmer,L
1346622,458179503,2026-02-22 12:35,guruGreatest,1,Poles,W
1346622,458179503,2026-02-22 12:35,tyPo,1,Byzantines,W
1346638,458187838,2026-02-22 13:30,Dark De Bruyne,0,Malians,W
1346638,458187838,2026-02-22 13:30,trush25,0,Japanese,W
1346638,458187838,2026-02-22 13:30,I'm Dead Guyzzz...,1,Goths,L
1346638,458187838,2026-02-22 13:30,thelivi,1,Dravidians,L
1346638,458187838,2026-02-22 13:30,Gajini,1,Ethiopians,L
1346638,458187838,2026-02-22 13:30,tyPo,0,Sicilians,W
1346638,458187838,2026-02-22 13:30,M1k3,1,Muisca,L
1346691,458212956,2026-02-22 15:37,centurion12,0,Wei,L
1346691,458212956,2026-02-22 15:37,drgameher,0,Vietnamese,L
1346691,458212956,2026-02-22 15:37,I'm Dead Guyzzz...,1,Burmese,W
1346691,458212956,2026-02-22 15:37,TiShi,1,Portuguese,W
1346691,458212956,2026-02-22 15:37,tyPo,0,Hindustanis,L
1346691,458212956,2026-02-22 15:37,M1k3,0,Gurjaras,L
1346691,458212956,2026-02-22 15:37,Kaipullae,1,Georgians,W
1346741,458257733,2026-02-22 18:03,MuttonKuska,0,Portuguese,W
1346741,458257733,2026-02-22 18:03,drgameher,1,Bohemians,L
1346741,458257733,2026-02-22 18:03,I'm Dead Guyzzz...,0,Franks,W
1346741,458257733,2026-02-22 18:03,rusher,0,Persians,W
1346741,458257733,2026-02-22 18:03,guruGreatest,1,Spanish,L
1346741,458257733,2026-02-22 18:03,tyPo,1,Bengalis,L
1346741,458257733,2026-02-22 18:03,Kaipullae,0,Shu,W
1346763,458266377,2026-02-22 19:04,I'm Dead Guyzzz...,0,Lithuanians,W
1346763,458266377,2026-02-22 19:04,tyPo Fan,1,Burgundians,L
1346763,458266377,2026-02-22 19:04,guruGreatest,0,Portuguese,W
1346763,458266377,2026-02-22 19:04,TiShi,1,Saracens,L
1346763,458266377,2026-02-22 19:04,tyPo,0,Italians,W
1346763,458266377,2026-02-22 19:04,Kaipullae,1,Vietnamese,L
1346789,458283909,2026-02-22 19:45,MuttonKuska,1,Muisca,W
1346789,458283909,2026-02-22 19:45,Shadeslayer,0,Tupi,L
1346789,458283909,2026-02-22 19:45,tyPo Fan,1,Ethiopians,W
1346789,458283909,2026-02-22 19:45,guruGreatest,0,Persians,L
1346789,458283909,2026-02-22 19:45,TiShi,1,Berbers,W
1346789,458283909,2026-02-22 19:45,tyPo,0,Burmese,L
1346789,458283909,2026-02-22 19:45,Kaipullae,0,Turks,L
1346803,458294903,2026-02-22 20:24,trush25,1,Dravidians,L
1346803,458294903,2026-02-22 20:24,Shadeslayer,1,Franks,L
1346803,458294903,2026-02-22 20:24,I'm Dead Guyzzz...,0,Persians,W
1346803,458294903,2026-02-22 20:24,tyPo Fan,0,Poles,W
1346803,458294903,2026-02-22 20:24,guruGreatest,0,Italians,W
1346803,458294903,2026-02-22 20:24,tyPo,0,Goths,W
1346803,458294903,2026-02-22 20:24,Kaipullae,1,Koreans,L
1346831,458309908,2026-02-22 21:28,MuttonKuska,0,Gurjaras,W
1346831,458309908,2026-02-22 21:28,Dark De Bruyne,0,Burmese,W
1346831,458309908,2026-02-22 21:28,Shadeslayer,1,Khitans,L
1346831,458309908,2026-02-22 21:28,I'm Dead Guyzzz...,0,Slavs,W
1346831,458309908,2026-02-22 21:28,tyPo Fan,1,Chinese,L
1346831,458309908,2026-02-22 21:28,Kaipullae,1,Khmer,L
1349348,459439606,2026-02-27 18:30,MuttonKuska,1,Wu,L
1349348,459439606,2026-02-27 18:30,Shadeslayer,1,Britons,L
1349348,459439606,2026-02-27 18:30,Gajini,0,Huns,W
1349348,459439606,2026-02-27 18:30,guruGreatest,1,Khmer,L
1349348,459439606,2026-02-27 18:30,stylishsteam,1,Inca,L
1349348,459439606,2026-02-27 18:30,TiShi,0,Muisca,W
1349348,459439606,2026-02-27 18:30,M1k3,0,Mapuche,W
1349365,459448197,2026-02-27 18:35,Shadeslayer,0,Poles,L
1349365,459448197,2026-02-27 18:35,I'm Dead Guyzzz...,0,Inca,L
1349365,459448197,2026-02-27 18:35,thelivi,1,Jurchens,W
1349365,459448197,2026-02-27 18:35,guruGreatest,1,Aztecs,W
1349365,459448197,2026-02-27 18:35,stylishsteam,0,Armenians,L
1349365,459448197,2026-02-27 18:35,TiShi,1,Tupi,W
1349365,459448197,2026-02-27 18:35,tyPo,1,Malay,W
1349372,459448197,2026-02-27 19:12,Shadeslayer,0,Poles,W
1349372,459448197,2026-02-27 19:12,I'm Dead Guyzzz...,1,Inca,L
1349372,459448197,2026-02-27 19:12,thelivi,1,Jurchens,L
1349372,459448197,2026-02-27 19:12,guruGreatest,0,Aztecs,W
1349372,459448197,2026-02-27 19:12,stylishsteam,1,Armenians,L
1349372,459448197,2026-02-27 19:12,TiShi,1,Tupi,L
1349372,459448197,2026-02-27 19:12,tyPo,0,Malay,W
1349386,459456101,2026-02-27 20:02,Shadeslayer,1,Japanese,L
1349386,459456101,2026-02-27 20:02,I'm Dead Guyzzz...,1,Britons,L
1349386,459456101,2026-02-27 20:02,tyPo Fan,0,Mongols,W
1349386,459456101,2026-02-27 20:02,guruGreatest,0,Poles,W
1349386,459456101,2026-02-27 20:02,stylishsteam,1,Persians,L
1349386,459456101,2026-02-27 20:02,TiShi,0,Tupi,W
1349386,459456101,2026-02-27 20:02,tyPo,0,Bulgarians,W
1349794,459593121,2026-02-28 07:11,MuttonKuska,1,Malians,W
1349794,459593121,2026-02-28 07:11,Dark De Bruyne,0,Bengalis,L
1349794,459593121,2026-02-28 07:11,aquasama7056,1,Shu,W
1349794,459593121,2026-02-28 07:11,I'm Dead Guyzzz...,1,Celts,W
1349794,459593121,2026-02-28 07:11,ddk,0,Cumans,L
1349794,459593121,2026-02-28 07:11,thelivi,0,Dravidians,L
1349794,459593121,2026-02-28 07:11,TiShi,0,Tupi,L
1349794,459593121,2026-02-28 07:11,tyPo,1,Hindustanis,W
1349807,459601160,2026-02-28 08:04,MuttonKuska,0,Tatars,L
1349807,459601160,2026-02-28 08:04,Dark De Bruyne,0,Celts,L
1349807,459601160,2026-02-28 08:04,aquasama7056,1,Cumans,W
1349807,459601160,2026-02-28 08:04,I'm Dead Guyzzz...,0,Chinese,L
1349807,459601160,2026-02-28 08:04,ddk,0,Romans,L
1349807,459601160,2026-02-28 08:04,Gajini,1,Teutons,W
1349807,459601160,2026-02-28 08:04,TiShi,1,Tupi,W
1349807,459601160,2026-02-28 08:04,Kaipullae,1,Magyars,W
1349818,459606348,2026-02-28 09:14,Dark De Bruyne,0,Huns,L
1349818,459606348,2026-02-28 09:14,drgameher,0,Teutons,L
1349818,459606348,2026-02-28 09:14,I'm Dead Guyzzz...,1,Malay,W
1349818,459606348,2026-02-28 09:14,ddk,1,Mongols,W
1349818,459606348,2026-02-28 09:14,thelivi,0,Portuguese,L
1349818,459606348,2026-02-28 09:14,Gajini,1,Gurjaras,W
1349818,459606348,2026-02-28 09:14,sundar7238,0,Goths,L
1349818,459606348,2026-02-28 09:14,TiShi,1,Tupi,W
1349830,459615980,2026-02-28 09:58,MuttonKuska,1,Turks,L
1349830,459615980,2026-02-28 09:58,Dark De Bruyne,1,Aztecs,L
1349830,459615980,2026-02-28 09:58,drgameher,1,Bulgarians,L
1349830,459615980,2026-02-28 09:58,ddk,0,Dravidians,W
1349830,459615980,2026-02-28 09:58,thelivi,1,Wei,L
1349830,459615980,2026-02-28 09:58,Gajini,0,Portuguese,W
1349830,459615980,2026-02-28 09:58,tokenbadteam,0,Sicilians,W
1349834,459620287,2026-02-28 10:47,ninjavarier,1,Poles,L
1349834,459620287,2026-02-28 10:47,MuttonKuska,0,Celts,W
1349834,459620287,2026-02-28 10:47,Dark De Bruyne,1,Romans,L
1349834,459620287,2026-02-28 10:47,Shadeslayer,0,Lithuanians,W
1349834,459620287,2026-02-28 10:47,ddk,1,Malay,L
1349834,459620287,2026-02-28 10:47,tyPo Fan,1,Koreans,L
1349834,459620287,2026-02-28 10:47,TiShi,0,Tupi,W
1349834,459620287,2026-02-28 10:47,tokenbadteam,0,Turks,W
1349857,459632053,2026-02-28 12:08,centurion12,1,Persians,W
1349857,459632053,2026-02-28 12:08,Dark De Bruyne,0,Shu,L
1349857,459632053,2026-02-28 12:08,trush25,0,Maya,L
1349857,459632053,2026-02-28 12:08,Shadeslayer,0,Khitans,L
1349857,459632053,2026-02-28 12:08,rusher,1,Bengalis,W
1349857,459632053,2026-02-28 12:08,tyPo Fan,1,Turks,W
1349857,459632053,2026-02-28 12:08,Gajini,0,Huns,L
1350013,459705240,2026-02-28 18:26,ninjavarier,0,Britons,W
1350013,459705240,2026-02-28 18:26,MuttonKuska,1,Malians,L
1350013,459705240,2026-02-28 18:26,thelivi,1,Wu,L
1350013,459705240,2026-02-28 18:26,Gajini,1,Bohemians,L
1350013,459705240,2026-02-28 18:26,guruGreatest,1,Koreans,L
1350013,459705240,2026-02-28 18:26,TiShi,0,Tupi,W
1350013,459705240,2026-02-28 18:26,tyPo,0,Celts,W
1350013,459705240,2026-02-28 18:26,M1k3,0,Muisca,W
1350045,459716155,2026-02-28 19:08,Dark De Bruyne,0,Teutons,L
1350045,459716155,2026-02-28 19:08,newisyou,1,Burgundians,W
1350045,459716155,2026-02-28 19:08,I'm Dead Guyzzz...,0,Portuguese,L
1350045,459716155,2026-02-28 19:08,ddk,1,Turks,W
1350045,459716155,2026-02-28 19:08,guruGreatest,1,Britons,W
1350045,459716155,2026-02-28 19:08,stylishsteam,1,Malians,W
1350075,459724241,2026-02-28 19:42,MuttonKuska,0,Inca,L
1350075,459724241,2026-02-28 19:42,tyPo Fan,1,Koreans,W
1350075,459724241,2026-02-28 19:42,thelivi,0,Vikings,L
1350075,459724241,2026-02-28 19:42,Gajini,1,Maya,W
1350075,459724241,2026-02-28 19:42,TiShi,0,Mapuche,L
1350075,459724241,2026-02-28 19:42,tyPo,0,Vietnamese,L
1350075,459724241,2026-02-28 19:42,M1k3,1,Franks,W
1350075,459724241,2026-02-28 19:42,Kaipullae,1,Jurchens,W
1350110,459733523,2026-02-28 20:23,Dark De Bruyne,1,Turks,L
1350110,459733523,2026-02-28 20:23,trush25,1,Jurchens,L
1350110,459733523,2026-02-28 20:23,newisyou,1,Magyars,L
1350110,459733523,2026-02-28 20:23,I'm Dead Guyzzz...,0,Burgundians,W
1350110,459733523,2026-02-28 20:23,ddk,0,Shu,W
1350110,459733523,2026-02-28 20:23,guruGreatest,0,Huns,W
1350110,459733523,2026-02-28 20:23,tyPo,1,Inca,L
1350150,459743384,2026-02-28 20:52,trush25,0,Slavs,W
1350150,459743384,2026-02-28 20:52,Shadeslayer,0,Saracens,W
1350150,459743384,2026-02-28 20:52,ddk,0,Byzantines,W
1350150,459743384,2026-02-28 20:52,thelivi,1,Persians,L
1350150,459743384,2026-02-28 20:52,Gajini,1,Malay,L
1350150,459743384,2026-02-28 20:52,TiShi,1,Tupi,L
1350150,459743384,2026-02-28 20:52,M1k3,1,Burgundians,L
1350150,459743384,2026-02-28 20:52,Kaipullae,0,Cumans,W
1350165,459751490,2026-02-28 21:43,Dark De Bruyne,0,Spanish,L
1350165,459751490,2026-02-28 21:43,trush25,0,Mapuche,L
1350165,459751490,2026-02-28 21:43,newisyou,1,Khmer,W
1350165,459751490,2026-02-28 21:43,aquasama7056,1,Portuguese,W
1350165,459751490,2026-02-28 21:43,I'm Dead Guyzzz...,0,Italians,L
1350165,459751490,2026-02-28 21:43,guruGreatest,0,Slavs,L
1350165,459751490,2026-02-28 21:43,tyPo,1,Malay,W
1350165,459751490,2026-02-28 21:43,Kaipullae,1,Britons,W
1350212,459766713,2026-02-28 22:40,Dark De Bruyne,0,Wu,L
1350212,459766713,2026-02-28 22:40,newisyou,1,Jurchens,W
1350212,459766713,2026-02-28 22:40,aquasama7056,1,Dravidians,W
1350212,459766713,2026-02-28 22:40,I'm Dead Guyzzz...,1,Poles,W
1350212,459766713,2026-02-28 22:40,ddk,0,Bengalis,L
1350212,459766713,2026-02-28 22:40,TiShi,0,Bohemians,L
1350212,459766713,2026-02-28 22:40,Kaipullae,1,Inca,W
1350562,459893658,2026-03-01 09:48,Dark De Bruyne,0,Italians,W
1350562,459893658,2026-03-01 09:48,I'm Dead Guyzzz...,1,Koreans,L
1350562,459893658,2026-03-01 09:48,tyPo Fan,0,Spanish,W
1350562,459893658,2026-03-01 09:48,guruGreatest,1,Romans,L
1350562,459893658,2026-03-01 09:48,TiShi,0,Turks,W
1350562,459893658,2026-03-01 09:48,tyPo,1,Burmese,L
1350562,459893658,2026-03-01 09:48,Kaipullae,0,Celts,W
1350569,459900302,2026-03-01 10:41,newisyou,1,Dravidians,L
1350569,459900302,2026-03-01 10:41,I'm Dead Guyzzz...,1,Tatars,L
1350569,459900302,2026-03-01 10:41,guruGreatest,1,Teutons,L
1350569,459900302,2026-03-01 10:41,TiShi,1,Burgundians,L
1350569,459900302,2026-03-01 10:41,tyPo,0,Slavs,W
1350569,459900302,2026-03-01 10:41,M1k3,0,Saracens,W
1350569,459900302,2026-03-01 10:41,Kaipullae,0,Berbers,W
1350572,459906451,2026-03-01 11:19,MuttonKuska,0,Burgundians,L
1350572,459906451,2026-03-01 11:19,drgameher,0,Spanish,L
1350572,459906451,2026-03-01 11:19,Shadeslayer,0,Aztecs,L
1350572,459906451,2026-03-01 11:19,thelivi,0,Sicilians,L
1350572,459906451,2026-03-01 11:19,wallandboom,1,Chinese,W
1350572,459906451,2026-03-01 11:19,stylishsteam,1,Magyars,W
1350572,459906451,2026-03-01 11:19,sundar7238,1,Berbers,W
1350572,459906451,2026-03-01 11:19,tokenbadteam,1,Portuguese,W
1350578,459912029,2026-03-01 12:00,fenrir05,0,Bulgarians,W
1350578,459912029,2026-03-01 12:00,newisyou,0,Sicilians,W
1350578,459912029,2026-03-01 12:00,Shadeslayer,1,Ethiopians,L
1350578,459912029,2026-03-01 12:00,I'm Dead Guyzzz...,1,Celts,L
1350578,459912029,2026-03-01 12:00,thelivi,0,Vietnamese,W
1350578,459912029,2026-03-01 12:00,guruGreatest,1,Vikings,L
1350578,459912029,2026-03-01 12:00,tyPo,1,Tatars,L
1350578,459912029,2026-03-01 12:00,Kaipullae,0,Khitans,W
1350585,459920352,2026-03-01 12:49,fenrir05,0,Shu,L
1350585,459920352,2026-03-01 12:49,thelivi,1,Dravidians,W
1350585,459920352,2026-03-01 12:49,Gajini,1,Turks,W
1350585,459920352,2026-03-01 12:49,wallandboom,0,Lithuanians,L
1350585,459920352,2026-03-01 12:49,guruGreatest,1,Berbers,W
1350585,459920352,2026-03-01 12:49,tyPo,0,Bohemians,L
1350585,459920352,2026-03-01 12:49,M1k3,1,Malians,W
1350595,459926578,2026-03-01 13:24,fenrir05,0,Mapuche,W
1350595,459926578,2026-03-01 13:24,newisyou,1,Vikings,L
1350595,459926578,2026-03-01 13:24,I'm Dead Guyzzz...,0,Bulgarians,W
1350595,459926578,2026-03-01 13:24,thelivi,1,Poles,L
1350595,459926578,2026-03-01 13:24,Gajini,0,Britons,W
1350595,459926578,2026-03-01 13:24,wallandboom,0,Tupi,W
1350595,459926578,2026-03-01 13:24,tyPo,1,Celts,L
1350606,459932724,2026-03-01 14:12,fenrir05,0,Bengalis,W
1350606,459932724,2026-03-01 14:12,newisyou,1,Romans,L
1350606,459932724,2026-03-01 14:12,I'm Dead Guyzzz...,1,Mongols,L
1350606,459932724,2026-03-01 14:12,Gajini,0,Maya,W
1350606,459932724,2026-03-01 14:12,wallandboom,1,Wei,L
1350606,459932724,2026-03-01 14:12,sundar7238,0,Gurjaras,W
1350606,459932724,2026-03-01 14:12,tyPo,0,Sicilians,W
1350708,459980088,2026-03-01 17:46,MuttonKuska,1,Muisca,W
1350708,459980088,2026-03-01 17:46,Shadeslayer,1,Britons,W
1350708,459980088,2026-03-01 17:46,I'm Dead Guyzzz...,1,Huns,W
1350708,459980088,2026-03-01 17:46,rusher,0,Tatars,L
1350708,459980088,2026-03-01 17:46,TiShi,0,Khitans,L
1350708,459980088,2026-03-01 17:46,M1k3,0,Bengalis,L
1350729,459993088,2026-03-01 18:26,drgameher,1,Gurjaras,W
1350729,459993088,2026-03-01 18:26,I'm Dead Guyzzz...,1,Bohemians,W
1350729,459993088,2026-03-01 18:26,ddk,1,Wu,W
1350729,459993088,2026-03-01 18:26,guruGreatest,0,Huns,L
1350729,459993088,2026-03-01 18:26,M1k3,1,Vietnamese,W
1350729,459993088,2026-03-01 18:26,tokenbadteam,0,Spanish,L
1350729,459993088,2026-03-01 18:26,Kaipullae,0,Sicilians,L
1350746,460002527,2026-03-01 18:56,Shadeslayer,1,Jurchens,L
1350746,460002527,2026-03-01 18:56,I'm Dead Guyzzz...,1,Portuguese,L
1350746,460002527,2026-03-01 18:56,ddk,0,Aztecs,W
1350746,460002527,2026-03-01 18:56,guruGreatest,1,Chinese,L
1350746,460002527,2026-03-01 18:56,bearknightman,1,Hindustanis,L
1350746,460002527,2026-03-01 18:56,TiShi,0,Japanese,W
1350746,460002527,2026-03-01 18:56,Kaipullae,0,Spanish,W
1350759,460010061,2026-03-01 19:28,MuttonKuska,1,Khitans,W
1350759,460010061,2026-03-01 19:28,Dark De Bruyne,1,Tupi,W
1350759,460010061,2026-03-01 19:28,Shadeslayer,0,Romans,L
1350759,460010061,2026-03-01 19:28,ddk,1,Malay,W
1350759,460010061,2026-03-01 19:28,tyPo Fan,0,Italians,L
1350759,460010061,2026-03-01 19:28,guruGreatest,0,Maya,L
1350759,460010061,2026-03-01 19:28,M1k3,1,Bohemians,W
1350759,460010061,2026-03-01 19:28,Kaipullae,0,Vikings,L
