bot_match_id,aoe2_match_id,matched_at
1323080,447075719,2026-03-07T13:59:25.402232
1323090,447084865,2026-03-07T13:59:25.402246
1323105,447089028,2026-03-07T13:59:25.402248
1323176,447184470,2026-03-07T13:59:25.402250
1323186,447197002,2026-03-07T13:59:25.402252
1323197,447209126,2026-03-07T13:59:25.402254
1323210,447220520,2026-03-07T13:59:25.402256
1323234,447231203,2026-03-07T13:59:25.402260
1323246,447243323,2026-03-07T13:59:25.402263
1323278,447257287,2026-03-07T13:59:25.402265
1323295,447271849,2026-03-07T13:59:25.402268
1323550,447417163,2026-03-07T13:59:25.402270
1323568,447417163,2026-03-07T13:59:25.402272
1323573,447424279,2026-03-07T13:59:25.402274
1323585,447430372,2026-03-07T13:59:25.402276
1323621,447462075,2026-03-07T13:59:25.402278
1323629,447471776,2026-03-07T13:59:25.402280
1323634,447483830,2026-03-07T13:59:25.402283
1323668,447512354,2026-03-07T13:59:25.402285
1323677,447522941,2026-03-07T13:59:25.402287
1323693,447534885,2026-03-07T13:59:25.402289
1323716,447545972,2026-03-07T13:59:25.402291
1323726,447553827,2026-03-07T13:59:25.402293
1323743,447565837,2026-03-07T13:59:25.402295
1323765,447581488,2026-03-07T13:59:25.402297
1326338,448741562,2026-03-07T13:59:25.402299
1326372,448754366,2026-03-07T13:59:25.402301
1326868,448931984,2026-03-07T13:59:25.402303
1326879,448937614,2026-03-07T13:59:25.402305
1327719,449246020,2026-03-07T13:59:25.402307
1327728,449252571,2026-03-07T13:59:25.402309
1327732,449260271,2026-03-07T13:59:25.402311
1327859,449331132,2026-03-07T13:59:25.402313
1327877,449363645,2026-03-07T13:59:25.402315
1327914,449363645,2026-03-07T13:59:25.402317
1327933,449371063,2026-03-07T13:59:25.402319
1330772,450531019,2026-03-07T13:59:25.402321
1330783,450541266,2026-03-07T13:59:25.402323
1330803,450551826,2026-03-07T13:59:25.402325
1330826,450564093,2026-03-07T13:59:25.402327
1331349,450722011,2026-03-07T13:59:25.402330
1331360,450729360,2026-03-07T13:59:25.402332
1331392,450761106,2026-03-07T13:59:25.402334
1331450,450793812,2026-03-07T13:59:25.402336
1331493,450804469,2026-03-07T13:59:25.402338
1331567,450828498,2026-03-07T13:59:25.402339
1331595,450838395,2026-03-07T13:59:25.402341
1331613,450846753,2026-03-07T13:59:25.402343
1331638,450857521,2026-03-07T13:59:25.402345
1331689,450872014,2026-03-07T13:59:25.402347
1331720,450884333,2026-03-07T13:59:25.402349
1332169,451034828,2026-03-07T13:59:25.402351
1332203,451054570,2026-03-07T13:59:25.402353
1332208,451064390,2026-03-07T13:59:25.402355
1332220,451076748,2026-03-07T13:59:25.402357
1332258,451101218,2026-03-07T13:59:25.402358
1332278,451114058,2026-03-07T13:59:25.402360
1332304,451123919,2026-03-07T13:59:25.402362
1332318,451135500,2026-03-07T13:59:25.402364
1332330,451146984,2026-03-07T13:59:25.402366
1332357,451156500,2026-03-07T13:59:25.402368
1332374,451167446,2026-03-07T13:59:25.402370
1332424,451178000,2026-03-07T13:59:25.402371
1332461,451196007,2026-03-07T13:59:25.402373
1332835,451334275,2026-03-07T13:59:25.402376
1332853,451337343,2026-03-07T13:59:25.402378
1332869,451354551,2026-03-07T13:59:25.402379
1332871,451354551,2026-03-07T13:59:25.402381
1332882,451372635,2026-03-07T13:59:25.402383
1332895,451383654,2026-03-07T13:59:25.402385
1332911,451391458,2026-03-07T13:59:25.402387
1332953,451403340,2026-03-07T13:59:25.402389
1332975,451412637,2026-03-07T13:59:25.402391
1332995,451420904,2026-03-07T13:59:25.402393
1334918,452374192,2026-03-07T13:59:25.402394
1334925,452374192,2026-03-07T13:59:25.402402
1334950,452384355,2026-03-07T13:59:25.402405
1335472,452643108,2026-03-07T13:59:25.402407
1335497,452652513,2026-03-07T13:59:25.402409
1335527,452666017,2026-03-07T13:59:25.402411
1335546,452678131,2026-03-07T13:59:25.402413
1335563,452690043,2026-03-07T13:59:25.402414
1335588,452701778,2026-03-07T13:59:25.402416
1335622,452717511,2026-03-07T13:59:25.402418
1335924,452843747,2026-03-07T13:59:25.402420
1335948,452851337,2026-03-07T13:59:25.402422
1335968,452856868,2026-03-07T13:59:25.402424
1335988,452875154,2026-03-07T13:59:25.402425
1335992,452879770,2026-03-07T13:59:25.402427
1336000,452886896,2026-03-07T13:59:25.402429
1336005,452893008,2026-03-07T13:59:25.402431
1336053,452925826,2026-03-07T13:59:25.402433
1336205,452998490,2026-03-07T13:59:25.402436
1336241,453009314,2026-03-07T13:59:25.402438
1338202,454160744,2026-03-07T13:59:25.402440
1338221,454178568,2026-03-07T13:59:25.402442
1338230,454178568,2026-03-07T13:59:25.402443
1338724,454420651,2026-03-07T13:59:25.402445
1338731,454436143,2026-03-07T13:59:25.402447
1338746,454436143,2026-03-07T13:59:25.402449
1338769,454446261,2026-03-07T13:59:25.402451
1338782,454456996,2026-03-07T13:59:25.402453
1338806,454470002,2026-03-07T13:59:25.402455
1338822,454480615,2026-03-07T13:59:25.402456
1338848,454491097,2026-03-07T13:59:25.402458
1339287,454665886,2026-03-07T13:59:25.402460
1339296,454673662,2026-03-07T13:59:25.402462
1339310,454683277,2026-03-07T13:59:25.402464
1339328,454694453,2026-03-07T13:59:25.402466
1339370,454721677,2026-03-07T13:59:25.402468
1339382,454733714,2026-03-07T13:59:25.402470
1339396,454744037,2026-03-07T13:59:25.402472
1339416,454768637,2026-03-07T13:59:25.402474
1339439,454768637,2026-03-07T13:59:25.402476
1342083,456034239,2026-03-07T13:59:25.402478
1342115,456040075,2026-03-07T13:59:25.402479
1342167,456076498,2026-03-07T13:59:25.402481
1342174,456076498,2026-03-07T13:59:25.402483
1342255,456128418,2026-03-07T13:59:25.402485
1342274,456139447,2026-03-07T13:59:25.402487
1342297,456150579,2026-03-07T13:59:25.402489
1342326,456162438,2026-03-07T13:59:25.402491
1342340,456169696,2026-03-07T13:59:25.402492
1342361,456177017,2026-03-07T13:59:25.402494
1342385,456187911,2026-03-07T13:59:25.402496
1342633,456297769,2026-03-07T13:59:25.402498
1342656,456304503,2026-03-07T13:59:25.402500
1342683,456309289,2026-03-07T13:59:25.402502
1342700,456313465,2026-03-07T13:59:25.402505
1342723,456318366,2026-03-07T13:59:25.402507
1342735,456327938,2026-03-07T13:59:25.402509
1342741,456327938,2026-03-07T13:59:25.402510
1342747,456332419,2026-03-07T13:59:25.402512
1342753,456337987,2026-03-07T13:59:25.402514
1342888,456427616,2026-03-07T13:59:25.402516
1342908,456438697,2026-03-07T13:59:25.402518
1345521,457662092,2026-03-07T13:59:25.402520
1345531,457673488,2026-03-07T13:59:25.402522
1345564,457695733,2026-03-07T13:59:25.402524
1345874,457835434,2026-03-07T13:59:25.402526
1345948,457874995,2026-03-07T13:59:25.402528
1346086,457946275,2026-03-07T13:59:25.402530
1346101,457959226,2026-03-07T13:59:25.402532
1346122,457971848,2026-03-07T13:59:25.402534
1346145,457992530,2026-03-07T13:59:25.402535
1346155,457992530,2026-03-07T13:59:25.402537
1346530,458132408,2026-03-07T13:59:25.402539
1346550,458142735,2026-03-07T13:59:25.402541
1346560,458149252,2026-03-07T13:59:25.402544
1346575,458156131,2026-03-07T13:59:25.402546
1346584,458162022,2026-03-07T13:59:25.402548
1346592,458166277,2026-03-07T13:59:25.402550
1346605,458172897,2026-03-07T13:59:25.402552
1346622,458179503,2026-03-07T13:59:25.402553
1346638,458187838,2026-03-07T13:59:25.402555
1346691,458212956,2026-03-07T13:59:25.402557
1346741,458257733,2026-03-07T13:59:25.402559
1346763,458266377,2026-03-07T13:59:25.402561
1346789,458283909,2026-03-07T13:59:25.402563
1346803,458294903,2026-03-07T13:59:25.402565
1346831,458309908,2026-03-07T13:59:25.402567
1349348,459439606,2026-03-07T13:59:25.402568
1349365,459448197,2026-03-07T13:59:25.402570
1349372,459448197,2026-03-07T13:59:25.402572
1349386,459456101,2026-03-07T13:59:25.402574
1349794,459593121,2026-03-07T13:59:25.402576
1349807,459601160,2026-03-07T13:59:25.402578
1349818,459606348,2026-03-07T13:59:25.402579
1349830,459615980,2026-03-07T13:59:25.402581
1349834,459620287,2026-03-07T13:59:25.402583
1349857,459632053,2026-03-07T13:59:25.402585
1350013,459705240,2026-03-07T13:59:25.402587
1350045,459716155,2026-03-07T13:59:25.402589
1350075,459724241,2026-03-07T13:59:25.402591
1350110,459733523,2026-03-07T13:59:25.402593
1350150,459743384,2026-03-07T13:59:25.402595
1350165,459751490,2026-03-07T13:59:25.402597
1350212,459766713,2026-03-07T13:59:25.402599
1350562,459893658,2026-03-07T13:59:25.402626
1350569,459900302,2026-03-07T13:59:25.402628
1350572,459906451,2026-03-07T13:59:25.402630
1350578,459912029,2026-03-07T13:59:25.402632
1350585,459920352,2026-03-07T13:59:25.402634
1350595,459926578,2026-03-07T13:59:25.402636
1350606,459932724,2026-03-07T13:59:25.402638
1350708,459980088,2026-03-07T13:59:25.402639
1350729,459993088,2026-03-07T13:59:25.402641
1350746,460002527,2026-03-07T13:59:25.402643
1350759,460010061,2026-03-07T13:59:25.402645
